dataset,model,tuner,seed,best_loss,n_evals,elapsed,stopped,error
breast_cancer,RandomForest,RandomSearch,0,-0.9578297595841455,60,55.25026345252991,budget,
breast_cancer,RandomForest,RandomSearch,1,-0.9560753736192332,60,41.28116989135742,budget,
breast_cancer,RandomForest,RandomSearch,2,-0.9595934280144807,60,41.079705476760864,budget,
breast_cancer,RandomForest,GridSearch,0,-0.9490485472941613,4,0.3561084270477295,budget,
breast_cancer,RandomForest,GridSearch,1,-0.9402673350041771,4,0.34426188468933105,budget,
breast_cancer,RandomForest,GridSearch,2,-0.9437668244685788,4,0.3600764274597168,budget,
breast_cancer,RandomForest,Bayes,0,-0.9718926946997123,60,61.03325915336609,budget,
breast_cancer,RandomForest,Bayes,1,-0.9613478139793931,60,61.28042221069336,budget,
breast_cancer,RandomForest,Bayes,2,-0.9595934280144807,60,53.3038547039032,budget,
breast_cancer,RandomForest,Optuna-TPE,0,-0.9560660911538105,60,48.92399287223816,budget,
breast_cancer,RandomForest,Optuna-TPE,1,-0.9578390420495685,60,48.597331285476685,budget,
breast_cancer,RandomForest,Optuna-TPE,2,-0.9631021999443052,60,26.105003595352173,budget,
breast_cancer,RandomForest,DE,0,-0.9560753736192332,60,41.5429208278656,budget,
breast_cancer,RandomForest,DE,1,-0.9560753736192332,60,42.20984745025635,budget,
breast_cancer,RandomForest,DE,2,-0.9613385315139701,60,33.60736870765686,budget,
breast_cancer,RandomForest,PSO,0,-0.9560846560846561,60,26.450121879577637,budget,
breast_cancer,RandomForest,PSO,1,-0.9560660911538105,60,25.566907167434692,budget,
breast_cancer,RandomForest,PSO,2,-0.9578204771187228,60,38.77550745010376,budget,
breast_cancer,RandomForest,HDGPSO,0,-0.9718926946997123,60,19.219979524612427,budget,
breast_cancer,RandomForest,HDGPSO,1,-0.956093938550079,60,20.093538284301758,budget,
breast_cancer,RandomForest,HDGPSO,2,-0.9613385315139701,60,48.89486837387085,budget,
breast_cancer,RandomForest,HDGPSO-MF,0,-0.9560753736192332,117,36.19817352294922,budget,
breast_cancer,RandomForest,HDGPSO-MF,1,-0.9595934280144807,117,31.591522693634033,budget,
breast_cancer,RandomForest,HDGPSO-MF,2,-0.9560753736192332,117,39.8135461807251,budget,
breast_cancer,GradientBoosting,RandomSearch,0,-0.975392184164114,60,150.87015748023987,budget,
breast_cancer,GradientBoosting,RandomSearch,1,-0.9701290262693772,60,112.43594455718994,budget,
breast_cancer,GradientBoosting,RandomSearch,2,-0.973628515733779,60,122.81204962730408,budget,
breast_cancer,GradientBoosting,GridSearch,0,-0.9736377981992016,32,43.23795247077942,budget,
breast_cancer,GradientBoosting,GridSearch,1,-0.9736470806646246,32,43.776979207992554,budget,
breast_cancer,GradientBoosting,GridSearch,2,-0.9736377981992016,32,43.5033495426178,budget,
breast_cancer,GradientBoosting,Bayes,0,-0.9754014666295369,60,102.01917266845703,budget,
breast_cancer,GradientBoosting,Bayes,1,-0.9789102385593614,60,113.00270414352417,budget,
breast_cancer,GradientBoosting,Bayes,2,-0.9736470806646246,60,112.58239126205444,budget,
breast_cancer,GradientBoosting,Optuna-TPE,0,-0.9789102385593614,60,117.21705269813538,budget,
breast_cancer,GradientBoosting,Optuna-TPE,1,-0.9718741297688666,60,92.29228186607361,budget,
breast_cancer,GradientBoosting,Optuna-TPE,2,-0.9683839227698877,60,144.50243592262268,budget,
breast_cancer,GradientBoosting,DE,0,-0.9718741297688666,60,142.19979596138,budget,
breast_cancer,GradientBoosting,DE,1,-0.968365357839042,60,142.2608780860901,budget,
breast_cancer,GradientBoosting,DE,2,-0.9718741297688666,60,99.5921459197998,budget,
breast_cancer,GradientBoosting,PSO,0,-0.9718834122342894,60,89.75034070014954,budget,
breast_cancer,GradientBoosting,PSO,1,-0.9701383087347999,60,111.28082394599915,budget,
breast_cancer,GradientBoosting,PSO,2,-0.9701383087347999,60,126.50439167022705,budget,
breast_cancer,GradientBoosting,HDGPSO,0,-0.977155852594449,60,196.08583903312683,budget,
breast_cancer,GradientBoosting,HDGPSO,1,-0.9789195210247842,60,71.11328029632568,budget,
breast_cancer,GradientBoosting,HDGPSO,2,-0.9771465701290262,60,91.36174654960632,budget,
breast_cancer,GradientBoosting,HDGPSO-MF,0,-0.975392184164114,117,139.75401139259338,budget,
breast_cancer,GradientBoosting,HDGPSO-MF,1,-0.977155852594449,117,66.3234076499939,budget,
breast_cancer,GradientBoosting,HDGPSO-MF,2,-0.9736470806646246,117,115.22931027412415,budget,
breast_cancer,MLP,RandomSearch,0,-0.9824561476707458,60,10.53360891342163,budget,
breast_cancer,MLP,RandomSearch,1,-0.9912281036376953,60,10.202386379241943,budget,
breast_cancer,MLP,RandomSearch,2,-0.9912281036376953,60,10.181272506713867,budget,
breast_cancer,MLP,GridSearch,0,-0.48245614767074585,48,10.314241647720337,budget,
breast_cancer,MLP,GridSearch,1,-0.5964912176132202,48,10.583054065704346,budget,
breast_cancer,MLP,GridSearch,2,-0.9298245906829834,48,10.922755241394043,budget,
breast_cancer,MLP,Bayes,0,-0.9824561476707458,60,46.96360731124878,budget,
breast_cancer,MLP,Bayes,1,-0.9912281036376953,60,38.680845499038696,budget,
breast_cancer,MLP,Bayes,2,-0.9912281036376953,60,40.32878136634827,budget,
breast_cancer,MLP,Optuna-TPE,0,-0.9824561476707458,60,10.570549011230469,budget,
breast_cancer,MLP,Optuna-TPE,1,-1.0,60,13.487021684646606,budget,
breast_cancer,MLP,Optuna-TPE,2,-0.9912281036376953,60,7.489964485168457,budget,
breast_cancer,MLP,DE,0,-0.9824561476707458,60,10.224781274795532,budget,
breast_cancer,MLP,DE,1,-0.9912281036376953,60,10.670188903808594,budget,
breast_cancer,MLP,DE,2,-0.9912281036376953,60,9.26019024848938,budget,
breast_cancer,MLP,PSO,0,-0.9824561476707458,60,10.817203283309937,budget,
breast_cancer,MLP,PSO,1,-0.9912281036376953,60,11.109648704528809,budget,
breast_cancer,MLP,PSO,2,-0.9912281036376953,60,13.257763862609863,budget,
breast_cancer,MLP,HDGPSO,0,-0.9824561476707458,60,4.7166807651519775,budget,
breast_cancer,MLP,HDGPSO,1,-0.9912281036376953,60,9.299480199813843,budget,
breast_cancer,MLP,HDGPSO,2,-1.0,60,10.30553412437439,budget,
breast_cancer,MLP,HDGPSO-MF,0,-0.9824561476707458,117,16.29367756843567,budget,
breast_cancer,MLP,HDGPSO-MF,1,-0.9912281036376953,117,9.447103261947632,budget,
breast_cancer,MLP,HDGPSO-MF,2,-0.9912281036376953,117,10.018006563186646,budget,
wine,RandomForest,RandomSearch,0,-0.9495291902071563,60,26.112913846969604,budget,
wine,RandomForest,RandomSearch,1,-0.9551789077212806,60,22.541141271591187,budget,
wine,RandomForest,RandomSearch,2,-0.9438794726930321,60,24.223016023635864,budget,
wine,RandomForest,GridSearch,0,-0.9158192090395479,4,0.22524070739746094,budget,
wine,RandomForest,GridSearch,1,-0.9216572504708097,4,0.22118115425109863,budget,
wine,RandomForest,GridSearch,2,-0.938512241054614,4,0.22582077980041504,budget,
wine,RandomForest,Bayes,0,-0.9550847457627119,60,43.835211992263794,budget,
wine,RandomForest,Bayes,1,-0.9607344632768361,60,41.83557939529419,budget,
wine,RandomForest,Bayes,2,-0.9550847457627119,60,37.957743406295776,budget,
wine,RandomForest,Optuna-TPE,0,-0.9495291902071563,60,23.663153171539307,budget,
wine,RandomForest,Optuna-TPE,1,-0.9607344632768361,60,33.31199598312378,budget,
wine,RandomForest,Optuna-TPE,2,-0.9495291902071563,60,13.486910820007324,budget,
wine,RandomForest,DE,0,-0.9495291902071563,60,26.196062326431274,budget,
wine,RandomForest,DE,1,-0.9608286252354049,60,23.447492122650146,budget,
wine,RandomForest,DE,2,-0.9439736346516008,60,23.363223791122437,budget,
wine,RandomForest,PSO,0,-0.9495291902071563,60,21.562647342681885,budget,
wine,RandomForest,PSO,1,-0.9551789077212806,60,12.629772186279297,budget,
wine,RandomForest,PSO,2,-0.9438794726930321,60,26.373382091522217,budget,
wine,RandomForest,HDGPSO,0,-0.9550847457627119,60,30.265956163406372,budget,
wine,RandomForest,HDGPSO,1,-0.9495291902071563,60,22.0892915725708,budget,
wine,RandomForest,HDGPSO,2,-0.9438794726930321,60,31.885737895965576,budget,
wine,RandomForest,HDGPSO-MF,0,-0.9495291902071563,117,21.756614685058594,budget,
wine,RandomForest,HDGPSO-MF,1,-0.9607344632768361,117,23.731624603271484,budget,
wine,RandomForest,HDGPSO-MF,2,-0.9438794726930321,117,19.458483457565308,budget,
wine,GradientBoosting,RandomSearch,0,-0.9440677966101695,60,98.51192879676819,budget,
wine,GradientBoosting,RandomSearch,1,-0.9497175141242938,60,76.86210107803345,budget,
wine,GradientBoosting,RandomSearch,2,-0.9552730696798494,60,83.87075519561768,budget,
wine,GradientBoosting,GridSearch,0,-0.9553672316384181,32,29.70672917366028,budget,
wine,GradientBoosting,GridSearch,1,-0.9552730696798494,32,30.140828847885132,budget,
wine,GradientBoosting,GridSearch,2,-0.9551789077212806,32,30.08570122718811,budget,
wine,GradientBoosting,Bayes,0,-0.9608286252354049,60,78.78192377090454,budget,
wine,GradientBoosting,Bayes,1,-0.9664783427495292,60,84.11493015289307,budget,
wine,GradientBoosting,Bayes,2,-0.9608286252354049,60,86.33533644676208,budget,
wine,GradientBoosting,Optuna-TPE,0,-0.9608286252354049,60,108.3681390285492,budget,
wine,GradientBoosting,Optuna-TPE,1,-0.9552730696798494,60,101.56844234466553,budget,
wine,GradientBoosting,Optuna-TPE,2,-0.9609227871939736,60,86.28325963020325,budget,
wine,GradientBoosting,DE,0,-0.9552730696798494,60,78.88186597824097,budget,
wine,GradientBoosting,DE,1,-0.9608286252354049,60,82.92995619773865,budget,
wine,GradientBoosting,DE,2,-0.9552730696798494,60,91.68845915794373,budget,
wine,GradientBoosting,PSO,0,-0.9551789077212806,60,71.43372893333435,budget,
wine,GradientBoosting,PSO,1,-0.949623352165725,60,84.64090728759766,budget,
wine,GradientBoosting,PSO,2,-0.949623352165725,60,90.75425887107849,budget,
wine,GradientBoosting,HDGPSO,0,-0.9719397363465161,60,83.18076586723328,budget,
wine,GradientBoosting,HDGPSO,1,-0.9609227871939736,60,49.70668816566467,budget,
wine,GradientBoosting,HDGPSO,2,-0.9608286252354049,60,75.24553084373474,budget,
wine,GradientBoosting,HDGPSO-MF,0,-0.9607344632768361,117,59.22314119338989,budget,
wine,GradientBoosting,HDGPSO-MF,1,-0.9553672316384181,117,60.785733461380005,budget,
wine,GradientBoosting,HDGPSO-MF,2,-0.9608286252354049,117,60.48353886604309,budget,
wine,MLP,RandomSearch,0,-1.0,60,2.8097898960113525,budget,
wine,MLP,RandomSearch,1,-1.0,60,3.2840254306793213,budget,
wine,MLP,RandomSearch,2,-1.0,60,3.7776505947113037,budget,
wine,MLP,GridSearch,0,-0.3333333432674408,48,3.5379960536956787,budget,
wine,MLP,GridSearch,1,-0.2777777910232544,48,3.358015775680542,budget,
wine,MLP,GridSearch,2,-0.5277777910232544,48,3.0079472064971924,budget,
wine,MLP,Bayes,0,-1.0,60,28.223747968673706,budget,
wine,MLP,Bayes,1,-1.0,60,32.287375926971436,budget,
wine,MLP,Bayes,2,-1.0,60,29.93289875984192,budget,
wine,MLP,Optuna-TPE,0,-1.0,60,3.515191078186035,budget,
wine,MLP,Optuna-TPE,1,-1.0,60,4.189737796783447,budget,
wine,MLP,Optuna-TPE,2,-1.0,60,3.376666784286499,budget,
wine,MLP,DE,0,-1.0,60,3.245405435562134,budget,
wine,MLP,DE,1,-1.0,60,3.7605738639831543,budget,
wine,MLP,DE,2,-1.0,60,3.1054446697235107,budget,
wine,MLP,PSO,0,-1.0,60,3.4018735885620117,budget,
wine,MLP,PSO,1,-1.0,60,4.829912424087524,budget,
wine,MLP,PSO,2,-1.0,60,4.1432414054870605,budget,
wine,MLP,HDGPSO,0,-1.0,60,2.27938175201416,budget,
wine,MLP,HDGPSO,1,-1.0,60,5.677882432937622,budget,
wine,MLP,HDGPSO,2,-1.0,60,3.445323944091797,budget,
wine,MLP,HDGPSO-MF,0,-1.0,117,3.156895637512207,budget,
wine,MLP,HDGPSO-MF,1,-1.0,117,4.821234703063965,budget,
wine,MLP,HDGPSO-MF,2,-1.0,117,3.184875965118408,budget,
diabetes,RandomForest,RandomSearch,0,3118.005098134785,60,26.981525421142578,budget,
diabetes,RandomForest,RandomSearch,1,3097.4540926345235,60,23.198394536972046,budget,
diabetes,RandomForest,RandomSearch,2,3107.3877741874617,60,24.600736141204834,budget,
diabetes,RandomForest,GridSearch,0,3294.474800974503,4,0.1955866813659668,budget,
diabetes,RandomForest,GridSearch,1,3358.468337365488,4,0.20068812370300293,budget,
diabetes,RandomForest,GridSearch,2,3329.7765836605963,4,0.20136308670043945,budget,
diabetes,RandomForest,Bayes,0,3081.3682154226594,60,45.73169255256653,budget,
diabetes,RandomForest,Bayes,1,3077.678735908372,60,36.30386281013489,budget,
diabetes,RandomForest,Bayes,2,3088.315247909457,60,46.57824993133545,budget,
diabetes,RandomForest,Optuna-TPE,0,3072.9028536737083,60,20.40287947654724,budget,
diabetes,RandomForest,Optuna-TPE,1,3073.8589442529997,60,17.33139991760254,budget,
diabetes,RandomForest,Optuna-TPE,2,3097.8584267395654,60,26.186692476272583,budget,
diabetes,RandomForest,DE,0,3076.9820697451773,60,25.498071670532227,budget,
diabetes,RandomForest,DE,1,3081.7030024253822,60,22.776174545288086,budget,
diabetes,RandomForest,DE,2,3103.530144007463,60,24.231088638305664,budget,
diabetes,RandomForest,PSO,0,3077.5048059598957,60,27.07524609565735,budget,
diabetes,RandomForest,PSO,1,3074.296582387511,60,13.027947425842285,budget,
diabetes,RandomForest,PSO,2,3094.9567827838546,60,34.24311876296997,budget,
diabetes,RandomForest,HDGPSO,0,3076.53663114473,60,23.188552379608154,budget,
diabetes,RandomForest,HDGPSO,1,3084.725523510646,60,33.048482179641724,budget,
diabetes,RandomForest,HDGPSO,2,3091.214315126603,60,26.113417148590088,budget,
diabetes,RandomForest,HDGPSO-MF,0,3114.291151661752,117,15.50307035446167,budget,
diabetes,RandomForest,HDGPSO-MF,1,3109.586953905782,117,26.99229598045349,budget,
diabetes,RandomForest,HDGPSO-MF,2,3097.719199935749,117,27.19363045692444,budget,
diabetes,GradientBoosting,RandomSearch,0,3224.220508413259,60,32.28252983093262,budget,
diabetes,GradientBoosting,RandomSearch,1,3173.362235954743,60,25.88295555114746,budget,
diabetes,GradientBoosting,RandomSearch,2,3142.617631372111,60,27.989929676055908,budget,
diabetes,GradientBoosting,GridSearch,0,3235.4924171677667,32,13.22249150276184,budget,
diabetes,GradientBoosting,GridSearch,1,3233.7122928550293,32,13.10092282295227,budget,
diabetes,GradientBoosting,GridSearch,2,3235.688810160535,32,13.00577998161316,budget,
diabetes,GradientBoosting,Bayes,0,3192.9881293297167,60,54.653318881988525,budget,
diabetes,GradientBoosting,Bayes,1,3090.6452748571405,60,48.74854326248169,budget,
diabetes,GradientBoosting,Bayes,2,3045.9083318921253,60,33.2055778503418,budget,
diabetes,GradientBoosting,Optuna-TPE,0,3141.885578397705,60,23.844223022460938,budget,
diabetes,GradientBoosting,Optuna-TPE,1,3109.5237929274203,60,18.42320442199707,budget,
diabetes,GradientBoosting,Optuna-TPE,2,3075.243812134711,60,16.015656232833862,budget,
diabetes,GradientBoosting,DE,0,3261.275883884091,60,30.245368003845215,budget,
diabetes,GradientBoosting,DE,1,3217.4518556172984,60,26.69856882095337,budget,
diabetes,GradientBoosting,DE,2,3194.2809842840798,60,29.497047901153564,budget,
diabetes,GradientBoosting,PSO,0,3184.8502046441567,60,20.60188579559326,budget,
diabetes,GradientBoosting,PSO,1,3211.0623138966025,60,25.277182579040527,budget,
diabetes,GradientBoosting,PSO,2,3125.184492793496,60,26.08165955543518,budget,
diabetes,GradientBoosting,HDGPSO,0,3105.5616311009053,60,30.404420614242554,budget,
diabetes,GradientBoosting,HDGPSO,1,3065.691659990463,60,12.583203315734863,budget,
diabetes,GradientBoosting,HDGPSO,2,3055.9285951128336,60,26.099917888641357,budget,
diabetes,GradientBoosting,HDGPSO-MF,0,3097.450288387577,117,25.18406367301941,budget,
diabetes,GradientBoosting,HDGPSO-MF,1,3102.9727407033274,117,20.38675594329834,budget,
diabetes,GradientBoosting,HDGPSO-MF,2,3178.228110389646,117,21.43544340133667,budget,
pinn_heat,PINN-Heat,RandomSearch,0,4.805894604942296e-06,60,211.21770024299622,budget,
pinn_heat,PINN-Heat,RandomSearch,1,1.1056549737986643e-06,60,222.32214879989624,budget,
pinn_heat,PINN-Heat,RandomSearch,2,1.931392034748569e-06,60,268.1980838775635,budget,
pinn_heat,PINN-Heat,GridSearch,0,0.13273341953754425,27,23.43402862548828,budget,
pinn_heat,PINN-Heat,GridSearch,1,0.3432067930698395,27,21.48968267440796,budget,
pinn_heat,PINN-Heat,GridSearch,2,0.08383028209209442,27,21.11281967163086,budget,
pinn_heat,PINN-Heat,Bayes,0,2.4979879071906907e-06,60,324.1740336418152,budget,
pinn_heat,PINN-Heat,Bayes,1,2.1297009880072437e-06,60,364.13915181159973,budget,
pinn_heat,PINN-Heat,Bayes,2,2.8456554446165683e-06,60,261.9590513706207,budget,
pinn_heat,PINN-Heat,Optuna-TPE,0,2.757658705832e-07,60,340.6155502796173,budget,
pinn_heat,PINN-Heat,Optuna-TPE,1,3.5135590792378935e-07,60,267.16299843788147,budget,
pinn_heat,PINN-Heat,Optuna-TPE,2,2.612001708257594e-07,60,309.1505706310272,budget,
pinn_heat,PINN-Heat,DE,0,8.806887308310252e-07,60,257.04850482940674,budget,
pinn_heat,PINN-Heat,DE,1,1.849156319622125e-06,60,227.5559332370758,budget,
pinn_heat,PINN-Heat,DE,2,4.669026566261891e-06,60,237.10907435417175,budget,
pinn_heat,PINN-Heat,PSO,0,1.270026785959999e-07,60,356.30129051208496,budget,
pinn_heat,PINN-Heat,PSO,1,9.078791549654852e-07,60,127.55951976776123,budget,
pinn_heat,PINN-Heat,PSO,2,1.3851638414053014e-07,60,188.58852458000183,budget,
pinn_heat,PINN-Heat,HDGPSO,0,5.25552241015248e-06,60,200.36625504493713,budget,
pinn_heat,PINN-Heat,HDGPSO,1,3.877516974171158e-08,60,276.6367859840393,budget,
pinn_heat,PINN-Heat,HDGPSO,2,2.92677157176513e-07,60,291.088739156723,budget,
pinn_heat,PINN-Heat,HDGPSO-MF,0,3.5731557090912247e-07,117,324.47928047180176,budget,
pinn_heat,PINN-Heat,HDGPSO-MF,1,6.400434244824282e-07,117,225.0719211101532,budget,
pinn_heat,PINN-Heat,HDGPSO-MF,2,6.990563861108967e-07,117,330.145804643631,budget,
