dataset,model,tuner,seed,best_loss,n_evals,elapsed,stopped,error,budget
breast_cancer,RandomForest,RandomSearch,0,-0.9578297595841456,20,18.962485313415527,budget,,20
breast_cancer,RandomForest,RandomSearch,1,-0.9508029332590736,20,15.671214580535889,budget,,20
breast_cancer,RandomForest,RandomSearch,2,-0.9595934280144808,20,13.163021087646484,budget,,20
breast_cancer,RandomForest,GridSearch,0,-0.9490485472941612,4,0.3347859382629394,budget,,20
breast_cancer,RandomForest,GridSearch,1,-0.9402673350041773,4,0.3357448577880859,budget,,20
breast_cancer,RandomForest,GridSearch,2,-0.9437668244685788,4,0.3303561210632324,budget,,20
breast_cancer,RandomForest,Bayes,0,-0.9718926946997124,20,17.581581592559814,budget,,20
breast_cancer,RandomForest,Bayes,1,-0.9596027104799036,20,15.758238792419434,budget,,20
breast_cancer,RandomForest,Bayes,2,-0.9578297595841456,20,15.168861865997314,budget,,20
breast_cancer,RandomForest,Optuna-TPE,0,-0.952557319223986,20,14.47241735458374,budget,,20
breast_cancer,RandomForest,Optuna-TPE,1,-0.9578390420495684,20,15.579166650772097,budget,,20
breast_cancer,RandomForest,Optuna-TPE,2,-0.9595934280144808,20,9.815353155136108,budget,,20
breast_cancer,RandomForest,DE,0,-0.9543024227234754,20,14.208273887634276,budget,,20
breast_cancer,RandomForest,DE,1,-0.9560753736192332,20,14.690821409225464,budget,,20
breast_cancer,RandomForest,DE,2,-0.9560660911538104,20,14.14557123184204,budget,,20
breast_cancer,RandomForest,PSO,0,-0.956084656084656,20,9.509499549865724,budget,,20
breast_cancer,RandomForest,PSO,1,-0.9560660911538104,20,9.099364280700684,budget,,20
breast_cancer,RandomForest,PSO,2,-0.9578204771187228,20,14.169559955596924,budget,,20
breast_cancer,RandomForest,HDGPSO,0,-0.954330270119744,20,11.77051877975464,budget,,20
breast_cancer,RandomForest,HDGPSO,1,-0.956084656084656,20,11.808833122253418,budget,,20
breast_cancer,RandomForest,HDGPSO,2,-0.9630929174788824,20,13.423449754714966,budget,,20
breast_cancer,RandomForest,HDGPSO-MF,0,-0.956084656084656,37,12.730548858642578,budget,,20
breast_cancer,RandomForest,HDGPSO-MF,1,-0.952557319223986,37,7.169855356216431,budget,,20
breast_cancer,RandomForest,HDGPSO-MF,2,-0.9543209876543208,37,12.118926763534546,budget,,20
breast_cancer,GradientBoosting,RandomSearch,0,-0.9648380209783718,20,58.47953796386719,budget,,20
breast_cancer,GradientBoosting,RandomSearch,1,-0.9701290262693772,20,40.50654172897339,budget,,20
breast_cancer,GradientBoosting,RandomSearch,2,-0.9701197438039544,20,44.034772872924805,budget,,20
breast_cancer,GradientBoosting,GridSearch,0,-0.6274204028589994,1,0.0869646072387695,budget,,20
breast_cancer,GradientBoosting,GridSearch,1,-0.6274204028589994,1,0.0876803398132324,budget,,20
breast_cancer,GradientBoosting,GridSearch,2,-0.6274204028589994,1,0.0894496440887451,budget,,20
breast_cancer,GradientBoosting,Bayes,0,-0.9736377981992016,20,31.868001699447632,budget,,20
breast_cancer,GradientBoosting,Bayes,1,-0.9789102385593614,20,41.1002631187439,budget,,20
breast_cancer,GradientBoosting,Bayes,2,-0.9683746403044649,20,40.79309248924256,budget,,20
breast_cancer,GradientBoosting,Optuna-TPE,0,-0.9789102385593614,20,40.5021493434906,budget,,20
breast_cancer,GradientBoosting,Optuna-TPE,1,-0.9683839227698876,20,36.17998743057251,budget,,20
breast_cancer,GradientBoosting,Optuna-TPE,2,-0.9666016894087068,20,42.32462596893311,budget,,20
breast_cancer,GradientBoosting,DE,0,-0.968365357839042,20,43.25906229019165,budget,,20
breast_cancer,GradientBoosting,DE,1,-0.9666016894087068,20,46.90959715843201,budget,,20
breast_cancer,GradientBoosting,DE,2,-0.9718741297688666,20,38.14922213554382,budget,,20
breast_cancer,GradientBoosting,PSO,0,-0.968365357839042,20,32.65373754501343,budget,,20
breast_cancer,GradientBoosting,PSO,1,-0.9648473034437948,20,46.201475858688354,budget,,20
breast_cancer,GradientBoosting,PSO,2,-0.9666202543395525,20,44.45664596557617,budget,,20
breast_cancer,GradientBoosting,HDGPSO,0,-0.9630929174788824,20,59.72456932067871,budget,,20
breast_cancer,GradientBoosting,HDGPSO,1,-0.9718834122342894,20,34.88767743110657,budget,,20
breast_cancer,GradientBoosting,HDGPSO,2,-0.9648565859092174,20,37.305828332901,budget,,20
breast_cancer,GradientBoosting,HDGPSO-MF,0,-0.9630929174788824,37,47.72283577919006,budget,,20
breast_cancer,GradientBoosting,HDGPSO-MF,1,-0.9754014666295368,37,26.26743769645691,budget,,20
breast_cancer,GradientBoosting,HDGPSO-MF,2,-0.9753829016986912,37,28.0197491645813,budget,,20
breast_cancer,MLP,RandomSearch,0,-0.9824561476707458,20,5.57590389251709,budget,,20
breast_cancer,MLP,RandomSearch,1,-0.9912281036376952,20,4.19284725189209,budget,,20
breast_cancer,MLP,RandomSearch,2,-0.9912281036376952,20,3.753643751144409,budget,,20
breast_cancer,MLP,GridSearch,0,-0.3771929740905761,20,4.653687953948975,budget,,20
breast_cancer,MLP,GridSearch,1,-0.5964912176132202,20,5.260429620742798,budget,,20
breast_cancer,MLP,GridSearch,2,-0.8157894611358643,20,4.476527690887451,budget,,20
breast_cancer,MLP,Bayes,0,-0.9824561476707458,20,10.0294189453125,budget,,20
breast_cancer,MLP,Bayes,1,-0.9912281036376952,20,10.090521335601808,budget,,20
breast_cancer,MLP,Bayes,2,-0.9912281036376952,20,7.341219186782837,budget,,20
breast_cancer,MLP,Optuna-TPE,0,-0.9824561476707458,20,2.445317506790161,budget,,20
breast_cancer,MLP,Optuna-TPE,1,-0.9912281036376952,20,5.209521770477295,budget,,20
breast_cancer,MLP,Optuna-TPE,2,-0.9912281036376952,20,2.6526310443878174,budget,,20
breast_cancer,MLP,DE,0,-0.9824561476707458,20,4.376687049865723,budget,,20
breast_cancer,MLP,DE,1,-0.9912281036376952,20,3.5765316486358643,budget,,20
breast_cancer,MLP,DE,2,-0.9912281036376952,20,3.2913036346435547,budget,,20
breast_cancer,MLP,PSO,0,-0.9824561476707458,20,4.518729209899902,budget,,20
breast_cancer,MLP,PSO,1,-0.9912281036376952,20,4.716597318649292,budget,,20
breast_cancer,MLP,PSO,2,-0.9912281036376952,20,4.311883449554443,budget,,20
breast_cancer,MLP,HDGPSO,0,-0.9824561476707458,20,2.254045963287353,budget,,20
breast_cancer,MLP,HDGPSO,1,-0.9912281036376952,20,4.930658578872681,budget,,20
breast_cancer,MLP,HDGPSO,2,-0.9912281036376952,20,2.8081367015838623,budget,,20
breast_cancer,MLP,HDGPSO-MF,0,-0.9824561476707458,37,4.5195276737213135,budget,,20
breast_cancer,MLP,HDGPSO-MF,1,-0.9912281036376952,37,3.9865028858184814,budget,,20
breast_cancer,MLP,HDGPSO-MF,2,-0.9912281036376952,37,2.265013694763184,budget,,20
wine,RandomForest,RandomSearch,0,-0.9495291902071564,20,10.560353517532349,budget,,20
wine,RandomForest,RandomSearch,1,-0.9495291902071564,20,8.488254070281982,budget,,20
wine,RandomForest,RandomSearch,2,-0.9383239171374764,20,9.246322631835938,budget,,20
wine,RandomForest,GridSearch,0,-0.915819209039548,4,0.2409121990203857,budget,,20
wine,RandomForest,GridSearch,1,-0.9216572504708096,4,0.2883265018463135,budget,,20
wine,RandomForest,GridSearch,2,-0.938512241054614,4,0.244570255279541,budget,,20
wine,RandomForest,Bayes,0,-0.955084745762712,20,12.199567794799805,budget,,20
wine,RandomForest,Bayes,1,-0.960734463276836,20,14.36866855621338,budget,,20
wine,RandomForest,Bayes,2,-0.943879472693032,20,10.070329666137695,budget,,20
wine,RandomForest,Optuna-TPE,0,-0.9494350282485876,20,9.9384343624115,budget,,20
wine,RandomForest,Optuna-TPE,1,-0.960734463276836,20,10.83720564842224,budget,,20
wine,RandomForest,Optuna-TPE,2,-0.9494350282485876,20,6.352579355239868,budget,,20
wine,RandomForest,DE,0,-0.9495291902071564,20,8.855897903442383,budget,,20
wine,RandomForest,DE,1,-0.9495291902071564,20,9.841330528259276,budget,,20
wine,RandomForest,DE,2,-0.9382297551789076,20,10.255208969116213,budget,,20
wine,RandomForest,PSO,0,-0.9495291902071564,20,7.02621865272522,budget,,20
wine,RandomForest,PSO,1,-0.9551789077212806,20,5.144651651382446,budget,,20
wine,RandomForest,PSO,2,-0.9382297551789076,20,10.21964430809021,budget,,20
wine,RandomForest,HDGPSO,0,-0.9495291902071564,20,7.727329969406128,budget,,20
wine,RandomForest,HDGPSO,1,-0.9495291902071564,20,8.48765254020691,budget,,20
wine,RandomForest,HDGPSO,2,-0.9326741996233522,20,9.52472186088562,budget,,20
wine,RandomForest,HDGPSO-MF,0,-0.943879472693032,37,7.087408781051636,budget,,20
wine,RandomForest,HDGPSO-MF,1,-0.9495291902071564,37,7.0190935134887695,budget,,20
wine,RandomForest,HDGPSO-MF,2,-0.9382297551789076,37,6.777562379837036,budget,,20
wine,GradientBoosting,RandomSearch,0,-0.9268361581920904,20,41.709452390670776,budget,,20
wine,GradientBoosting,RandomSearch,1,-0.9497175141242938,20,31.238471746444706,budget,,20
wine,GradientBoosting,RandomSearch,2,-0.9383239171374764,20,33.63773059844971,budget,,20
wine,GradientBoosting,GridSearch,0,-0.3988700564971751,1,0.1097941398620605,budget,,20
wine,GradientBoosting,GridSearch,1,-0.3988700564971751,1,0.1063041687011718,budget,,20
wine,GradientBoosting,GridSearch,2,-0.3988700564971751,1,0.1240279674530029,budget,,20
wine,GradientBoosting,Bayes,0,-0.932768361581921,20,26.655311584472656,budget,,20
wine,GradientBoosting,Bayes,1,-0.9608286252354048,20,28.3454909324646,budget,,20
wine,GradientBoosting,Bayes,2,-0.9552730696798494,20,35.336854219436646,budget,,20
wine,GradientBoosting,Optuna-TPE,0,-0.9440677966101696,20,28.630056142807007,budget,,20
wine,GradientBoosting,Optuna-TPE,1,-0.9439736346516008,20,32.36472010612488,budget,,20
wine,GradientBoosting,Optuna-TPE,2,-0.9552730696798494,20,32.20977830886841,budget,,20
wine,GradientBoosting,DE,0,-0.9440677966101696,20,27.18950223922729,budget,,20
wine,GradientBoosting,DE,1,-0.9552730696798494,20,31.321638584136963,budget,,20
wine,GradientBoosting,DE,2,-0.9440677966101696,20,28.347156763076782,budget,,20
wine,GradientBoosting,PSO,0,-0.9440677966101696,20,26.388936042785645,budget,,20
wine,GradientBoosting,PSO,1,-0.938512241054614,20,25.44196319580078,budget,,20
wine,GradientBoosting,PSO,2,-0.949623352165725,20,35.92109560966492,budget,,20
wine,GradientBoosting,HDGPSO,0,-0.9552730696798494,20,30.84264636039734,budget,,20
wine,GradientBoosting,HDGPSO,1,-0.9551789077212806,20,23.28296899795532,budget,,20
wine,GradientBoosting,HDGPSO,2,-0.9609227871939736,20,29.03059792518616,budget,,20
wine,GradientBoosting,HDGPSO-MF,0,-0.9270244821092278,37,23.879693031311035,budget,,20
wine,GradientBoosting,HDGPSO-MF,1,-0.9497175141242938,37,17.295229196548462,budget,,20
wine,GradientBoosting,HDGPSO-MF,2,-0.9551789077212806,37,22.293670415878296,budget,,20
wine,MLP,RandomSearch,0,-1.0,20,0.8981997966766357,budget,,20
wine,MLP,RandomSearch,1,-1.0,20,1.166318655014038,budget,,20
wine,MLP,RandomSearch,2,-1.0,20,1.5073189735412598,budget,,20
wine,MLP,GridSearch,0,-0.3333333432674408,20,1.4718642234802246,budget,,20
wine,MLP,GridSearch,1,-0.2777777910232544,20,1.692487716674805,budget,,20
wine,MLP,GridSearch,2,-0.5,20,1.4825561046600342,budget,,20
wine,MLP,Bayes,0,-1.0,20,5.417065143585205,budget,,20
wine,MLP,Bayes,1,-1.0,20,7.988562822341919,budget,,20
wine,MLP,Bayes,2,-1.0,20,5.443843603134155,budget,,20
wine,MLP,Optuna-TPE,0,-1.0,20,1.0963764190673828,budget,,20
wine,MLP,Optuna-TPE,1,-1.0,20,1.2584023475646973,budget,,20
wine,MLP,Optuna-TPE,2,-1.0,20,1.0458803176879885,budget,,20
wine,MLP,DE,0,-1.0,20,1.316225528717041,budget,,20
wine,MLP,DE,1,-1.0,20,1.1027135848999023,budget,,20
wine,MLP,DE,2,-1.0,20,0.8699748516082764,budget,,20
wine,MLP,PSO,0,-1.0,20,1.21962308883667,budget,,20
wine,MLP,PSO,1,-1.0,20,3.087499618530273,budget,,20
wine,MLP,PSO,2,-1.0,20,1.136056423187256,budget,,20
wine,MLP,HDGPSO,0,-1.0,20,0.6728641986846924,budget,,20
wine,MLP,HDGPSO,1,-1.0,20,1.4431724548339844,budget,,20
wine,MLP,HDGPSO,2,-1.0,20,1.041268825531006,budget,,20
wine,MLP,HDGPSO-MF,0,-1.0,37,0.9349877834320068,budget,,20
wine,MLP,HDGPSO-MF,1,-1.0,37,1.9055359363555908,budget,,20
wine,MLP,HDGPSO-MF,2,-1.0,37,1.0496392250061035,budget,,20
diabetes,RandomForest,RandomSearch,0,3139.771597812889,20,11.127580881118774,budget,,20
diabetes,RandomForest,RandomSearch,1,3097.4540926345235,20,9.20406723022461,budget,,20
diabetes,RandomForest,RandomSearch,2,3107.3877741874617,20,9.22718858718872,budget,,20
diabetes,RandomForest,GridSearch,0,3294.474800974503,4,0.2252380847930908,budget,,20
diabetes,RandomForest,GridSearch,1,3358.468337365488,4,0.2223265171051025,budget,,20
diabetes,RandomForest,GridSearch,2,3329.7765836605963,4,0.2154686450958252,budget,,20
diabetes,RandomForest,Bayes,0,3081.3682154226594,20,10.033944845199583,budget,,20
diabetes,RandomForest,Bayes,1,3096.375070083799,20,13.092947244644163,budget,,20
diabetes,RandomForest,Bayes,2,3091.6027467004046,20,12.861835956573486,budget,,20
diabetes,RandomForest,Optuna-TPE,0,3104.428556384169,20,9.48529839515686,budget,,20
diabetes,RandomForest,Optuna-TPE,1,3109.472044201894,20,9.191762447357178,budget,,20
diabetes,RandomForest,Optuna-TPE,2,3120.507096922133,20,10.67477536201477,budget,,20
diabetes,RandomForest,DE,0,3113.118352638357,20,8.999632120132446,budget,,20
diabetes,RandomForest,DE,1,3122.456857196745,20,9.537094831466677,budget,,20
diabetes,RandomForest,DE,2,3116.942923964696,20,9.284207820892334,budget,,20
diabetes,RandomForest,PSO,0,3122.139478498854,20,10.108898639678957,budget,,20
diabetes,RandomForest,PSO,1,3096.282323786957,20,5.693501949310303,budget,,20
diabetes,RandomForest,PSO,2,3116.183699521867,20,11.38222885131836,budget,,20
diabetes,RandomForest,HDGPSO,0,3091.684825528368,20,6.865884780883789,budget,,20
diabetes,RandomForest,HDGPSO,1,3120.881551129074,20,8.233446598052979,budget,,20
diabetes,RandomForest,HDGPSO,2,3105.982661600204,20,8.851725339889526,budget,,20
diabetes,RandomForest,HDGPSO-MF,0,3123.843412119315,37,5.551953554153442,budget,,20
diabetes,RandomForest,HDGPSO-MF,1,3151.995748373282,37,7.165429592132568,budget,,20
diabetes,RandomForest,HDGPSO-MF,2,3089.7424358883086,37,8.557292699813843,budget,,20
diabetes,GradientBoosting,RandomSearch,0,3308.352400386102,20,13.390154123306274,budget,,20
diabetes,GradientBoosting,RandomSearch,1,3345.4180128942376,20,10.631442070007324,budget,,20
diabetes,GradientBoosting,RandomSearch,2,3142.617631372111,20,11.389183044433594,budget,,20
diabetes,GradientBoosting,GridSearch,0,5850.363986334015,1,0.0386898517608642,budget,,20
diabetes,GradientBoosting,GridSearch,1,5849.495789669712,1,0.0371592044830322,budget,,20
diabetes,GradientBoosting,GridSearch,2,5849.273555893163,1,0.0441558361053466,budget,,20
diabetes,GradientBoosting,Bayes,0,3199.3527493887545,20,18.142396450042725,budget,,20
diabetes,GradientBoosting,Bayes,1,3221.4220820606715,20,17.47914743423462,budget,,20
diabetes,GradientBoosting,Bayes,2,3222.194923906476,20,7.9673426151275635,budget,,20
diabetes,GradientBoosting,Optuna-TPE,0,3270.627765264185,20,12.149060726165771,budget,,20
diabetes,GradientBoosting,Optuna-TPE,1,3112.893604497065,20,8.642943859100342,budget,,20
diabetes,GradientBoosting,Optuna-TPE,2,3075.243812134711,20,8.077584981918335,budget,,20
diabetes,GradientBoosting,DE,0,3274.306766369157,20,10.2835590839386,budget,,20
diabetes,GradientBoosting,DE,1,3236.4242791783195,20,11.520501613616943,budget,,20
diabetes,GradientBoosting,DE,2,3275.6825904853813,20,10.360438823699951,budget,,20
diabetes,GradientBoosting,PSO,0,3242.270935394939,20,7.259679794311523,budget,,20
diabetes,GradientBoosting,PSO,1,3225.9848965486904,20,7.316988229751587,budget,,20
diabetes,GradientBoosting,PSO,2,3196.26815370433,20,9.395537376403809,budget,,20
diabetes,GradientBoosting,HDGPSO,0,3314.384563182291,20,11.709560871124268,budget,,20
diabetes,GradientBoosting,HDGPSO,1,3317.083285362336,20,8.099962949752808,budget,,20
diabetes,GradientBoosting,HDGPSO,2,3172.338330024625,20,10.035232782363892,budget,,20
diabetes,GradientBoosting,HDGPSO-MF,0,3257.0778136791773,37,9.598541498184204,budget,,20
diabetes,GradientBoosting,HDGPSO-MF,1,3172.6569139149765,37,7.946428537368774,budget,,20
diabetes,GradientBoosting,HDGPSO-MF,2,3133.3721479184646,37,8.379708290100098,budget,,20
pinn_heat,PINN-Heat,RandomSearch,0,1.2696525118371936e-05,20,89.17442297935486,budget,,20
pinn_heat,PINN-Heat,RandomSearch,1,1.1056549737986645e-06,20,87.13907957077026,budget,,20
pinn_heat,PINN-Heat,RandomSearch,2,2.2586373233934864e-05,20,104.3043851852417,budget,,20
pinn_heat,PINN-Heat,GridSearch,0,0.1327334195375442,20,19.4324688911438,budget,,20
pinn_heat,PINN-Heat,GridSearch,1,0.3432067930698395,20,20.68121290206909,budget,,20
pinn_heat,PINN-Heat,GridSearch,2,0.0856027901172638,20,18.344588041305546,budget,,20
pinn_heat,PINN-Heat,Bayes,0,6.522624516946962e-06,20,116.77065587043762,budget,,20
pinn_heat,PINN-Heat,Bayes,1,4.350799827079754e-06,20,135.1518976688385,budget,,20
pinn_heat,PINN-Heat,Bayes,2,4.110118879907532e-06,20,109.02830505371094,budget,,20
pinn_heat,PINN-Heat,Optuna-TPE,0,1.0415920996820205e-06,20,120.09887504577635,budget,,20
pinn_heat,PINN-Heat,Optuna-TPE,1,2.619022325234255e-06,20,82.32995462417603,budget,,20
pinn_heat,PINN-Heat,Optuna-TPE,2,2.633482836245093e-06,20,102.99641871452332,budget,,20
pinn_heat,PINN-Heat,DE,0,8.806887308310252e-07,20,96.19104266166688,budget,,20
pinn_heat,PINN-Heat,DE,1,0.0002094583032885,20,96.18722033500671,budget,,20
pinn_heat,PINN-Heat,DE,2,3.096631189691834e-05,20,94.02554607391356,budget,,20
pinn_heat,PINN-Heat,PSO,0,4.4475893901108076e-07,20,114.43721532821657,budget,,20
pinn_heat,PINN-Heat,PSO,1,1.974592851183843e-05,20,42.394739627838135,budget,,20
pinn_heat,PINN-Heat,PSO,2,1.1435237183832214e-06,20,71.39966106414795,budget,,20
pinn_heat,PINN-Heat,HDGPSO,0,3.661589289549738e-05,20,66.47525238990784,budget,,20
pinn_heat,PINN-Heat,HDGPSO,1,1.0981385685226996e-06,20,78.32537746429443,budget,,20
pinn_heat,PINN-Heat,HDGPSO,2,8.710559995961376e-06,20,80.90977334976196,budget,,20
pinn_heat,PINN-Heat,HDGPSO-MF,0,1.374080511595821e-05,37,76.62484502792358,budget,,20
pinn_heat,PINN-Heat,HDGPSO-MF,1,7.057923312459025e-07,37,77.51465034484863,budget,,20
pinn_heat,PINN-Heat,HDGPSO-MF,2,2.0541117464745184e-06,37,82.15208292007446,budget,,20
breast_cancer,RandomForest,RandomSearch,0,-0.9578297595841456,40,35.411600828170776,budget,,40
breast_cancer,RandomForest,RandomSearch,1,-0.9560753736192332,40,30.914835453033447,budget,,40
breast_cancer,RandomForest,RandomSearch,2,-0.9595934280144808,40,31.425845861434937,budget,,40
breast_cancer,RandomForest,GridSearch,0,-0.9490485472941612,4,0.3457131385803222,budget,,40
breast_cancer,RandomForest,GridSearch,1,-0.9402673350041773,4,0.3407995700836181,budget,,40
breast_cancer,RandomForest,GridSearch,2,-0.9437668244685788,4,0.354156494140625,budget,,40
breast_cancer,RandomForest,Bayes,0,-0.9718926946997124,40,37.41753816604614,budget,,40
breast_cancer,RandomForest,Bayes,1,-0.9596027104799036,40,35.23102951049805,budget,,40
breast_cancer,RandomForest,Bayes,2,-0.9578297595841456,40,32.11659598350525,budget,,40
breast_cancer,RandomForest,Optuna-TPE,0,-0.9560660911538104,40,30.397232055664062,budget,,40
breast_cancer,RandomForest,Optuna-TPE,1,-0.9578390420495684,40,33.49020528793335,budget,,40
breast_cancer,RandomForest,Optuna-TPE,2,-0.9613478139793928,40,16.09298872947693,budget,,40
breast_cancer,RandomForest,DE,0,-0.9543117051888982,40,26.973543167114254,budget,,40
breast_cancer,RandomForest,DE,1,-0.9560753736192332,40,30.12158870697021,budget,,40
breast_cancer,RandomForest,DE,2,-0.9578297595841456,40,22.88577699661255,budget,,40
breast_cancer,RandomForest,PSO,0,-0.956084656084656,40,17.3999502658844,budget,,40
breast_cancer,RandomForest,PSO,1,-0.9560660911538104,40,15.783456325531006,budget,,40
breast_cancer,RandomForest,PSO,2,-0.9578204771187228,40,25.275935888290405,budget,,40
breast_cancer,RandomForest,HDGPSO,0,-0.9683839227698876,40,15.521789312362673,budget,,40
breast_cancer,RandomForest,HDGPSO,1,-0.9595934280144808,40,21.78452754020691,budget,,40
breast_cancer,RandomForest,HDGPSO,2,-0.9613292490485472,40,30.124396085739136,budget,,40
breast_cancer,RandomForest,HDGPSO-MF,0,-0.959574863083635,75,21.442492246627808,budget,,40
breast_cancer,RandomForest,HDGPSO-MF,1,-0.9578390420495684,75,9.298703670501707,budget,,40
breast_cancer,RandomForest,HDGPSO-MF,2,-0.9543209876543208,75,25.180906295776367,budget,,40
breast_cancer,GradientBoosting,RandomSearch,0,-0.975392184164114,40,107.09593510627748,budget,,40
breast_cancer,GradientBoosting,RandomSearch,1,-0.9701290262693772,40,81.25688743591309,budget,,40
breast_cancer,GradientBoosting,RandomSearch,2,-0.973628515733779,40,90.83700108528136,budget,,40
breast_cancer,GradientBoosting,GridSearch,0,-0.9736377981992016,32,43.853968381881714,budget,,40
breast_cancer,GradientBoosting,GridSearch,1,-0.9736470806646246,32,43.932188987731934,budget,,40
breast_cancer,GradientBoosting,GridSearch,2,-0.9736377981992016,32,44.01246237754822,budget,,40
breast_cancer,GradientBoosting,Bayes,0,-0.9754014666295368,40,68.24284029006958,budget,,40
breast_cancer,GradientBoosting,Bayes,1,-0.9789102385593614,40,77.34684920310974,budget,,40
breast_cancer,GradientBoosting,Bayes,2,-0.9683746403044649,40,75.62243485450745,budget,,40
breast_cancer,GradientBoosting,Optuna-TPE,0,-0.9789102385593614,40,78.8006637096405,budget,,40
breast_cancer,GradientBoosting,Optuna-TPE,1,-0.9718741297688666,40,58.7751739025116,budget,,40
breast_cancer,GradientBoosting,Optuna-TPE,2,-0.968365357839042,40,87.09212803840637,budget,,40
breast_cancer,GradientBoosting,DE,0,-0.9718741297688666,40,91.13195538520812,budget,,40
breast_cancer,GradientBoosting,DE,1,-0.9683560753736192,40,91.04495859146118,budget,,40
breast_cancer,GradientBoosting,DE,2,-0.9718741297688666,40,68.07552742958069,budget,,40
breast_cancer,GradientBoosting,PSO,0,-0.9718834122342894,40,62.1237006187439,budget,,40
breast_cancer,GradientBoosting,PSO,1,-0.9701383087348,40,75.67283844947815,budget,,40
breast_cancer,GradientBoosting,PSO,2,-0.9666202543395525,40,79.93070101737976,budget,,40
breast_cancer,GradientBoosting,HDGPSO,0,-0.9701197438039544,40,126.78832936286926,budget,,40
breast_cancer,GradientBoosting,HDGPSO,1,-0.9789009560939386,40,53.65406823158264,budget,,40
breast_cancer,GradientBoosting,HDGPSO,2,-0.975392184164114,40,61.53615927696228,budget,,40
breast_cancer,GradientBoosting,HDGPSO-MF,0,-0.9718648473034438,75,99.728590965271,budget,,40
breast_cancer,GradientBoosting,HDGPSO-MF,1,-0.9806831894551192,75,36.34754014015198,budget,,40
breast_cancer,GradientBoosting,HDGPSO-MF,2,-0.9753829016986912,75,47.17830276489258,budget,,40
breast_cancer,MLP,RandomSearch,0,-0.9824561476707458,40,5.492443084716797,budget,,40
breast_cancer,MLP,RandomSearch,1,-0.9912281036376952,40,7.080682039260864,budget,,40
breast_cancer,MLP,RandomSearch,2,-0.9912281036376952,40,6.762026071548462,budget,,40
breast_cancer,MLP,GridSearch,0,-0.4473684132099151,40,8.704245567321777,budget,,40
breast_cancer,MLP,GridSearch,1,-0.5964912176132202,40,8.640503406524658,budget,,40
breast_cancer,MLP,GridSearch,2,-0.8947368264198303,40,8.759644269943237,budget,,40
breast_cancer,MLP,Bayes,0,-0.9824561476707458,40,22.285983324050903,budget,,40
breast_cancer,MLP,Bayes,1,-0.9912281036376952,40,20.14486622810364,budget,,40
breast_cancer,MLP,Bayes,2,-0.9912281036376952,40,20.293263912200928,budget,,40
breast_cancer,MLP,Optuna-TPE,0,-0.9824561476707458,40,4.573478937149048,budget,,40
breast_cancer,MLP,Optuna-TPE,1,-1.0,40,7.934535503387451,budget,,40
breast_cancer,MLP,Optuna-TPE,2,-0.9912281036376952,40,4.891740083694458,budget,,40
breast_cancer,MLP,DE,0,-0.9824561476707458,40,7.776295661926269,budget,,40
breast_cancer,MLP,DE,1,-0.9912281036376952,40,7.104493618011475,budget,,40
breast_cancer,MLP,DE,2,-0.9912281036376952,40,6.242184162139893,budget,,40
breast_cancer,MLP,PSO,0,-0.9824561476707458,40,8.511298894882202,budget,,40
breast_cancer,MLP,PSO,1,-0.9912281036376952,40,7.323381185531616,budget,,40
breast_cancer,MLP,PSO,2,-0.9912281036376952,40,8.88375449180603,budget,,40
breast_cancer,MLP,HDGPSO,0,-0.9824561476707458,40,3.622096061706543,budget,,40
breast_cancer,MLP,HDGPSO,1,-0.9912281036376952,40,7.999711036682129,budget,,40
breast_cancer,MLP,HDGPSO,2,-0.9912281036376952,40,6.552974700927734,budget,,40
breast_cancer,MLP,HDGPSO-MF,0,-0.9824561476707458,75,8.97793698310852,budget,,40
breast_cancer,MLP,HDGPSO-MF,1,-0.9912281036376952,75,6.707855701446533,budget,,40
breast_cancer,MLP,HDGPSO-MF,2,-0.9912281036376952,75,5.14867901802063,budget,,40
wine,RandomForest,RandomSearch,0,-0.9495291902071564,40,17.060096263885498,budget,,40
wine,RandomForest,RandomSearch,1,-0.9495291902071564,40,15.75769329071045,budget,,40
wine,RandomForest,RandomSearch,2,-0.9384180790960452,40,17.4258131980896,budget,,40
wine,RandomForest,GridSearch,0,-0.915819209039548,4,0.2190828323364257,budget,,40
wine,RandomForest,GridSearch,1,-0.9216572504708096,4,0.2252075672149658,budget,,40
wine,RandomForest,GridSearch,2,-0.938512241054614,4,0.22249436378479,budget,,40
wine,RandomForest,Bayes,0,-0.955084745762712,40,26.354883909225464,budget,,40
wine,RandomForest,Bayes,1,-0.960734463276836,40,27.78285837173462,budget,,40
wine,RandomForest,Bayes,2,-0.943879472693032,40,21.697749614715576,budget,,40
wine,RandomForest,Optuna-TPE,0,-0.9495291902071564,40,17.58617901802063,budget,,40
wine,RandomForest,Optuna-TPE,1,-0.960734463276836,40,21.98128032684326,budget,,40
wine,RandomForest,Optuna-TPE,2,-0.9494350282485876,40,9.404393196105955,budget,,40
wine,RandomForest,DE,0,-0.9495291902071564,40,17.606580018997192,budget,,40
wine,RandomForest,DE,1,-0.949623352165725,40,17.591121196746826,budget,,40
wine,RandomForest,DE,2,-0.9383239171374764,40,16.563068151474,budget,,40
wine,RandomForest,PSO,0,-0.9495291902071564,40,14.325007915496826,budget,,40
wine,RandomForest,PSO,1,-0.9551789077212806,40,7.919868946075439,budget,,40
wine,RandomForest,PSO,2,-0.9382297551789076,40,18.720826148986816,budget,,40
wine,RandomForest,HDGPSO,0,-0.9494350282485876,40,19.954156398773197,budget,,40
wine,RandomForest,HDGPSO,1,-0.9495291902071564,40,14.854122400283812,budget,,40
wine,RandomForest,HDGPSO,2,-0.9326741996233522,40,18.655054092407227,budget,,40
wine,RandomForest,HDGPSO-MF,0,-0.955084745762712,75,13.890959978103638,budget,,40
wine,RandomForest,HDGPSO-MF,1,-0.960734463276836,75,14.407085657119753,budget,,40
wine,RandomForest,HDGPSO-MF,2,-0.943879472693032,75,12.829196214675903,budget,,40
wine,GradientBoosting,RandomSearch,0,-0.9440677966101696,40,69.91352486610413,budget,,40
wine,GradientBoosting,RandomSearch,1,-0.9497175141242938,40,55.97427248954773,budget,,40
wine,GradientBoosting,RandomSearch,2,-0.9551789077212806,40,61.32305932044983,budget,,40
wine,GradientBoosting,GridSearch,0,-0.955367231638418,32,29.95316696166992,budget,,40
wine,GradientBoosting,GridSearch,1,-0.9552730696798494,32,29.775554418563843,budget,,40
wine,GradientBoosting,GridSearch,2,-0.9551789077212806,32,29.916271686553955,budget,,40
wine,GradientBoosting,Bayes,0,-0.9552730696798494,40,53.45197153091431,budget,,40
wine,GradientBoosting,Bayes,1,-0.9608286252354048,40,51.92021822929382,budget,,40
wine,GradientBoosting,Bayes,2,-0.9552730696798494,40,58.16254782676697,budget,,40
wine,GradientBoosting,Optuna-TPE,0,-0.9552730696798494,40,61.67834830284119,budget,,40
wine,GradientBoosting,Optuna-TPE,1,-0.9497175141242938,40,68.47101140022278,budget,,40
wine,GradientBoosting,Optuna-TPE,2,-0.9552730696798494,40,61.79639434814453,budget,,40
wine,GradientBoosting,DE,0,-0.9552730696798494,40,48.36356019973755,budget,,40
wine,GradientBoosting,DE,1,-0.9552730696798494,40,54.49246573448181,budget,,40
wine,GradientBoosting,DE,2,-0.9440677966101696,40,54.07937502861023,budget,,40
wine,GradientBoosting,PSO,0,-0.955084745762712,40,44.122939348220825,budget,,40
wine,GradientBoosting,PSO,1,-0.9439736346516008,40,45.70225787162781,budget,,40
wine,GradientBoosting,PSO,2,-0.949623352165725,40,62.55246615409851,budget,,40
wine,GradientBoosting,HDGPSO,0,-0.9609227871939736,40,45.19776463508606,budget,,40
wine,GradientBoosting,HDGPSO,1,-0.9664783427495292,40,36.656617641448975,budget,,40
wine,GradientBoosting,HDGPSO,2,-0.9552730696798494,40,52.53559851646423,budget,,40
wine,GradientBoosting,HDGPSO-MF,0,-0.949623352165725,75,43.675034046173096,budget,,40
wine,GradientBoosting,HDGPSO-MF,1,-0.9551789077212806,75,33.23112678527832,budget,,40
wine,GradientBoosting,HDGPSO-MF,2,-0.9552730696798494,75,38.256632566452026,budget,,40
wine,MLP,RandomSearch,0,-1.0,40,1.6756136417388916,budget,,40
wine,MLP,RandomSearch,1,-1.0,40,1.9443206787109373,budget,,40
wine,MLP,RandomSearch,2,-1.0,40,2.107277631759644,budget,,40
wine,MLP,GridSearch,0,-0.3333333432674408,40,2.284939765930176,budget,,40
wine,MLP,GridSearch,1,-0.2777777910232544,40,2.1983253955841064,budget,,40
wine,MLP,GridSearch,2,-0.5277777910232544,40,2.408501148223877,budget,,40
wine,MLP,Bayes,0,-1.0,40,15.888487577438354,budget,,40
wine,MLP,Bayes,1,-1.0,40,19.160970211029053,budget,,40
wine,MLP,Bayes,2,-1.0,40,15.14784049987793,budget,,40
wine,MLP,Optuna-TPE,0,-1.0,40,2.2743046283721924,budget,,40
wine,MLP,Optuna-TPE,1,-1.0,40,2.540005207061768,budget,,40
wine,MLP,Optuna-TPE,2,-1.0,40,2.026869297027588,budget,,40
wine,MLP,DE,0,-1.0,40,2.237051248550415,budget,,40
wine,MLP,DE,1,-1.0,40,2.2579827308654785,budget,,40
wine,MLP,DE,2,-1.0,40,1.9991390705108645,budget,,40
wine,MLP,PSO,0,-1.0,40,2.048901081085205,budget,,40
wine,MLP,PSO,1,-1.0,40,3.5433990955352783,budget,,40
wine,MLP,PSO,2,-1.0,40,2.8193840980529785,budget,,40
wine,MLP,HDGPSO,0,-1.0,40,1.575413703918457,budget,,40
wine,MLP,HDGPSO,1,-1.0,40,3.830600738525391,budget,,40
wine,MLP,HDGPSO,2,-1.0,40,2.2947347164154053,budget,,40
wine,MLP,HDGPSO-MF,0,-1.0,75,1.8963515758514404,budget,,40
wine,MLP,HDGPSO-MF,1,-1.0,75,3.9058492183685294,budget,,40
wine,MLP,HDGPSO-MF,2,-1.0,75,2.52934193611145,budget,,40
diabetes,RandomForest,RandomSearch,0,3118.005098134785,40,17.59382438659668,budget,,40
diabetes,RandomForest,RandomSearch,1,3097.4540926345235,40,16.349528312683105,budget,,40
diabetes,RandomForest,RandomSearch,2,3107.3877741874617,40,17.923595905303955,budget,,40
diabetes,RandomForest,GridSearch,0,3294.474800974503,4,0.1977546215057373,budget,,40
diabetes,RandomForest,GridSearch,1,3358.468337365488,4,0.2027409076690673,budget,,40
diabetes,RandomForest,GridSearch,2,3329.7765836605963,4,0.2063057422637939,budget,,40
diabetes,RandomForest,Bayes,0,3081.3682154226594,40,25.86681866645813,budget,,40
diabetes,RandomForest,Bayes,1,3080.3277872520853,40,22.394418001174927,budget,,40
diabetes,RandomForest,Bayes,2,3088.315247909457,40,27.866039991378784,budget,,40
diabetes,RandomForest,Optuna-TPE,0,3095.7253598018474,40,18.23314833641052,budget,,40
diabetes,RandomForest,Optuna-TPE,1,3073.858944253,40,16.04008936882019,budget,,40
diabetes,RandomForest,Optuna-TPE,2,3103.8767979608783,40,20.81197571754456,budget,,40
diabetes,RandomForest,DE,0,3082.4064312961004,40,18.72576093673706,budget,,40
diabetes,RandomForest,DE,1,3096.721875716594,40,18.3500292301178,budget,,40
diabetes,RandomForest,DE,2,3116.438235380036,40,16.943910360336304,budget,,40
diabetes,RandomForest,PSO,0,3113.251790933044,40,19.474199295043945,budget,,40
diabetes,RandomForest,PSO,1,3077.413543135044,40,9.44943380355835,budget,,40
diabetes,RandomForest,PSO,2,3094.9567827838546,40,23.70736622810364,budget,,40
diabetes,RandomForest,HDGPSO,0,3085.548807457552,40,14.921251058578491,budget,,40
diabetes,RandomForest,HDGPSO,1,3091.036342319767,40,20.421644687652588,budget,,40
diabetes,RandomForest,HDGPSO,2,3105.982661600204,40,16.023410320281982,budget,,40
diabetes,RandomForest,HDGPSO-MF,0,3123.843412119315,75,10.575087785720823,budget,,40
diabetes,RandomForest,HDGPSO-MF,1,3118.5722541833698,75,14.349375009536743,budget,,40
diabetes,RandomForest,HDGPSO-MF,2,3089.7424358883086,75,18.037508487701416,budget,,40
diabetes,GradientBoosting,RandomSearch,0,3308.352400386102,40,23.298840522766117,budget,,40
diabetes,GradientBoosting,RandomSearch,1,3173.362235954743,40,19.76297116279602,budget,,40
diabetes,GradientBoosting,RandomSearch,2,3142.617631372111,40,21.27393651008606,budget,,40
diabetes,GradientBoosting,GridSearch,0,3235.4924171677667,32,13.67199206352234,budget,,40
diabetes,GradientBoosting,GridSearch,1,3233.7122928550293,32,13.571113109588625,budget,,40
diabetes,GradientBoosting,GridSearch,2,3235.688810160535,32,13.50680446624756,budget,,40
diabetes,GradientBoosting,Bayes,0,3192.9881293297167,40,36.14330697059631,budget,,40
diabetes,GradientBoosting,Bayes,1,3114.0449322423324,40,31.981096267700195,budget,,40
diabetes,GradientBoosting,Bayes,2,3057.0188348335378,40,19.272663831710812,budget,,40
diabetes,GradientBoosting,Optuna-TPE,0,3166.8848615513257,40,16.85569429397583,budget,,40
diabetes,GradientBoosting,Optuna-TPE,1,3112.893604497065,40,12.983992099761965,budget,,40
diabetes,GradientBoosting,Optuna-TPE,2,3075.243812134711,40,11.993921518325806,budget,,40
diabetes,GradientBoosting,DE,0,3274.306766369157,40,20.20686173439026,budget,,40
diabetes,GradientBoosting,DE,1,3236.4242791783195,40,20.08006310462952,budget,,40
diabetes,GradientBoosting,DE,2,3194.28098428408,40,20.321670055389404,budget,,40
diabetes,GradientBoosting,PSO,0,3223.565018302054,40,15.509093999862673,budget,,40
diabetes,GradientBoosting,PSO,1,3225.9848965486904,40,17.053574323654175,budget,,40
diabetes,GradientBoosting,PSO,2,3128.558739402229,40,17.313535928726196,budget,,40
diabetes,GradientBoosting,HDGPSO,0,3115.413871503081,40,21.188349962234497,budget,,40
diabetes,GradientBoosting,HDGPSO,1,3160.0087816240534,40,14.239545106887816,budget,,40
diabetes,GradientBoosting,HDGPSO,2,3080.9830348360038,40,18.92509889602661,budget,,40
diabetes,GradientBoosting,HDGPSO-MF,0,3113.7518527620564,75,17.006572246551514,budget,,40
diabetes,GradientBoosting,HDGPSO-MF,1,3139.000966311314,75,14.859810829162598,budget,,40
diabetes,GradientBoosting,HDGPSO-MF,2,3038.2435233041742,75,14.71118688583374,budget,,40
pinn_heat,PINN-Heat,RandomSearch,0,6.800877599744126e-06,40,173.8727765083313,budget,,40
pinn_heat,PINN-Heat,RandomSearch,1,1.1056549737986645e-06,40,159.27847290039062,budget,,40
pinn_heat,PINN-Heat,RandomSearch,2,1.931392034748569e-06,40,180.5202510356903,budget,,40
pinn_heat,PINN-Heat,GridSearch,0,0.1327334195375442,27,23.545568227767944,budget,,40
pinn_heat,PINN-Heat,GridSearch,1,0.3432067930698395,27,24.38658905029297,budget,,40
pinn_heat,PINN-Heat,GridSearch,2,0.0838302820920944,27,23.14117217063904,budget,,40
pinn_heat,PINN-Heat,Bayes,0,2.4979879071906907e-06,40,207.2090027332306,budget,,40
pinn_heat,PINN-Heat,Bayes,1,4.350799827079754e-06,40,226.59332704544067,budget,,40
pinn_heat,PINN-Heat,Bayes,2,4.110118879907532e-06,40,176.83978962898254,budget,,40
pinn_heat,PINN-Heat,Optuna-TPE,0,2.757658705832e-07,40,215.16735172271729,budget,,40
pinn_heat,PINN-Heat,Optuna-TPE,1,3.5135590792378935e-07,40,169.032142162323,budget,,40
pinn_heat,PINN-Heat,Optuna-TPE,2,7.24647065908357e-07,40,258.83134293556213,budget,,40
pinn_heat,PINN-Heat,DE,0,8.806887308310252e-07,40,199.88095712661743,budget,,40
pinn_heat,PINN-Heat,DE,1,6.301171197264921e-06,40,163.31018733978271,budget,,40
pinn_heat,PINN-Heat,DE,2,3.096631189691834e-05,40,168.07759761810303,budget,,40
pinn_heat,PINN-Heat,PSO,0,4.4475893901108076e-07,40,252.1080114841461,budget,,40
pinn_heat,PINN-Heat,PSO,1,4.039028681290802e-06,40,85.59939742088318,budget,,40
pinn_heat,PINN-Heat,PSO,2,6.858219876448857e-07,40,141.42265439033508,budget,,40
pinn_heat,PINN-Heat,HDGPSO,0,0.0001036977919284,40,123.91377568244934,budget,,40
pinn_heat,PINN-Heat,HDGPSO,1,6.641436698373582e-07,40,162.5101511478424,budget,,40
pinn_heat,PINN-Heat,HDGPSO,2,1.815801340399048e-07,40,205.37002515792847,budget,,40
pinn_heat,PINN-Heat,HDGPSO-MF,0,7.257012271111307e-07,75,166.86865186691284,budget,,40
pinn_heat,PINN-Heat,HDGPSO-MF,1,7.057882385197445e-07,75,152.66514134407043,budget,,40
pinn_heat,PINN-Heat,HDGPSO-MF,2,2.5169569539684744e-07,75,202.23187685012817,budget,,40
breast_cancer,RandomForest,RandomSearch,0,-0.9578297595841456,60,60.048357248306274,budget,,60
breast_cancer,RandomForest,RandomSearch,1,-0.9560753736192332,60,47.418264627456665,budget,,60
breast_cancer,RandomForest,RandomSearch,2,-0.9595934280144808,60,46.5495502948761,budget,,60
breast_cancer,RandomForest,GridSearch,0,-0.9490485472941612,4,0.4747755527496338,budget,,60
breast_cancer,RandomForest,GridSearch,1,-0.9402673350041773,4,0.4378812313079834,budget,,60
breast_cancer,RandomForest,GridSearch,2,-0.9437668244685788,4,0.3999664783477783,budget,,60
breast_cancer,RandomForest,Bayes,0,-0.9718926946997124,60,67.95856261253357,budget,,60
breast_cancer,RandomForest,Bayes,1,-0.9613478139793932,60,71.44308161735535,budget,,60
breast_cancer,RandomForest,Bayes,2,-0.9595934280144808,60,59.41330623626709,budget,,60
breast_cancer,RandomForest,Optuna-TPE,0,-0.9560660911538104,60,51.05699610710144,budget,,60
breast_cancer,RandomForest,Optuna-TPE,1,-0.9578390420495684,60,52.668253660202026,budget,,60
breast_cancer,RandomForest,Optuna-TPE,2,-0.9631021999443052,60,27.661264896392822,budget,,60
breast_cancer,RandomForest,DE,0,-0.9560753736192332,60,44.68348789215088,budget,,60
breast_cancer,RandomForest,DE,1,-0.9560753736192332,60,44.65336561203003,budget,,60
breast_cancer,RandomForest,DE,2,-0.96133853151397,60,35.09263825416565,budget,,60
breast_cancer,RandomForest,PSO,0,-0.956084656084656,60,28.08699655532837,budget,,60
breast_cancer,RandomForest,PSO,1,-0.9560660911538104,60,27.108778476715088,budget,,60
breast_cancer,RandomForest,PSO,2,-0.9578204771187228,60,40.50797939300537,budget,,60
breast_cancer,RandomForest,HDGPSO,0,-0.9718926946997124,60,19.916694164276123,budget,,60
breast_cancer,RandomForest,HDGPSO,1,-0.956093938550079,60,21.33279037475586,budget,,60
breast_cancer,RandomForest,HDGPSO,2,-0.96133853151397,60,53.3858208656311,budget,,60
breast_cancer,RandomForest,HDGPSO-MF,0,-0.9560753736192332,117,37.72836089134216,budget,,60
breast_cancer,RandomForest,HDGPSO-MF,1,-0.9595934280144808,117,33.45634317398071,budget,,60
breast_cancer,RandomForest,HDGPSO-MF,2,-0.9560753736192332,117,41.537426471710205,budget,,60
breast_cancer,GradientBoosting,RandomSearch,0,-0.975392184164114,60,161.54526591300964,budget,,60
breast_cancer,GradientBoosting,RandomSearch,1,-0.9701290262693772,60,120.30097603797913,budget,,60
breast_cancer,GradientBoosting,RandomSearch,2,-0.973628515733779,60,128.52688026428223,budget,,60
breast_cancer,GradientBoosting,GridSearch,0,-0.9736377981992016,32,47.741963624954224,budget,,60
breast_cancer,GradientBoosting,GridSearch,1,-0.9736470806646246,32,48.03721761703491,budget,,60
breast_cancer,GradientBoosting,GridSearch,2,-0.9736377981992016,32,46.7960352897644,budget,,60
breast_cancer,GradientBoosting,Bayes,0,-0.9754014666295368,60,107.56460428237916,budget,,60
breast_cancer,GradientBoosting,Bayes,1,-0.9789102385593614,60,122.44849801063538,budget,,60
breast_cancer,GradientBoosting,Bayes,2,-0.9736470806646246,60,118.59220910072328,budget,,60
breast_cancer,GradientBoosting,Optuna-TPE,0,-0.9789102385593614,60,126.89166045188904,budget,,60
breast_cancer,GradientBoosting,Optuna-TPE,1,-0.9718741297688666,60,99.45342016220091,budget,,60
breast_cancer,GradientBoosting,Optuna-TPE,2,-0.9683839227698876,60,152.67718172073364,budget,,60
breast_cancer,GradientBoosting,DE,0,-0.9718741297688666,60,150.74088764190674,budget,,60
breast_cancer,GradientBoosting,DE,1,-0.968365357839042,60,145.06911945343018,budget,,60
breast_cancer,GradientBoosting,DE,2,-0.9718741297688666,60,102.6538348197937,budget,,60
breast_cancer,GradientBoosting,PSO,0,-0.9718834122342894,60,92.90724086761476,budget,,60
breast_cancer,GradientBoosting,PSO,1,-0.9701383087348,60,112.4786365032196,budget,,60
breast_cancer,GradientBoosting,PSO,2,-0.9701383087348,60,130.81483054161072,budget,,60
breast_cancer,GradientBoosting,HDGPSO,0,-0.977155852594449,60,186.89409732818604,budget,,60
breast_cancer,GradientBoosting,HDGPSO,1,-0.9789195210247842,60,74.99981713294983,budget,,60
breast_cancer,GradientBoosting,HDGPSO,2,-0.9771465701290262,60,92.05564999580383,budget,,60
breast_cancer,GradientBoosting,HDGPSO-MF,0,-0.975392184164114,117,135.21429777145386,budget,,60
breast_cancer,GradientBoosting,HDGPSO-MF,1,-0.977155852594449,117,68.18421030044556,budget,,60
breast_cancer,GradientBoosting,HDGPSO-MF,2,-0.9736470806646246,117,115.49184465408324,budget,,60
breast_cancer,MLP,RandomSearch,0,-0.9824561476707458,60,7.932494163513184,budget,,60
breast_cancer,MLP,RandomSearch,1,-0.9912281036376952,60,10.801745653152466,budget,,60
breast_cancer,MLP,RandomSearch,2,-0.9912281036376952,60,9.286214590072632,budget,,60
breast_cancer,MLP,GridSearch,0,-0.4824561476707458,48,9.953886032104492,budget,,60
breast_cancer,MLP,GridSearch,1,-0.5964912176132202,48,10.475584030151367,budget,,60
breast_cancer,MLP,GridSearch,2,-0.9298245906829834,48,10.531273365020752,budget,,60
breast_cancer,MLP,Bayes,0,-0.9824561476707458,60,44.44578266143799,budget,,60
breast_cancer,MLP,Bayes,1,-0.9912281036376952,60,40.54514169692993,budget,,60
breast_cancer,MLP,Bayes,2,-0.9912281036376952,60,41.2794873714447,budget,,60
breast_cancer,MLP,Optuna-TPE,0,-0.9824561476707458,60,11.205544233322144,budget,,60
breast_cancer,MLP,Optuna-TPE,1,-1.0,60,14.462785720825195,budget,,60
breast_cancer,MLP,Optuna-TPE,2,-0.9912281036376952,60,8.04198169708252,budget,,60
breast_cancer,MLP,DE,0,-0.9824561476707458,60,13.338782787322998,budget,,60
breast_cancer,MLP,DE,1,-0.9912281036376952,60,13.371321201324465,budget,,60
breast_cancer,MLP,DE,2,-0.9912281036376952,60,9.914881706237791,budget,,60
breast_cancer,MLP,PSO,0,-0.9824561476707458,60,10.217180490493774,budget,,60
breast_cancer,MLP,PSO,1,-0.9912281036376952,60,12.045156240463257,budget,,60
breast_cancer,MLP,PSO,2,-0.9912281036376952,60,13.138865947723389,budget,,60
breast_cancer,MLP,HDGPSO,0,-0.9824561476707458,60,4.958858966827393,budget,,60
breast_cancer,MLP,HDGPSO,1,-0.9912281036376952,60,10.67956829071045,budget,,60
breast_cancer,MLP,HDGPSO,2,-1.0,60,12.548040390014648,budget,,60
breast_cancer,MLP,HDGPSO-MF,0,-0.9824561476707458,117,17.08720064163208,budget,,60
breast_cancer,MLP,HDGPSO-MF,1,-0.9912281036376952,117,9.417643070220947,budget,,60
breast_cancer,MLP,HDGPSO-MF,2,-0.9912281036376952,117,10.352898359298706,budget,,60
wine,RandomForest,RandomSearch,0,-0.9495291902071564,60,27.559820652008057,budget,,60
wine,RandomForest,RandomSearch,1,-0.9551789077212806,60,24.429871559143063,budget,,60
wine,RandomForest,RandomSearch,2,-0.943879472693032,60,26.37801456451416,budget,,60
wine,RandomForest,GridSearch,0,-0.915819209039548,4,0.262244701385498,budget,,60
wine,RandomForest,GridSearch,1,-0.9216572504708096,4,0.2466866970062255,budget,,60
wine,RandomForest,GridSearch,2,-0.938512241054614,4,0.2273592948913574,budget,,60
wine,RandomForest,Bayes,0,-0.955084745762712,60,49.15381002426148,budget,,60
wine,RandomForest,Bayes,1,-0.960734463276836,60,45.596606492996216,budget,,60
wine,RandomForest,Bayes,2,-0.955084745762712,60,40.41923832893372,budget,,60
wine,RandomForest,Optuna-TPE,0,-0.9495291902071564,60,24.84043574333191,budget,,60
wine,RandomForest,Optuna-TPE,1,-0.960734463276836,60,35.012107610702515,budget,,60
wine,RandomForest,Optuna-TPE,2,-0.9495291902071564,60,13.93214988708496,budget,,60
wine,RandomForest,DE,0,-0.9495291902071564,60,27.415510416030884,budget,,60
wine,RandomForest,DE,1,-0.9608286252354048,60,24.73417639732361,budget,,60
wine,RandomForest,DE,2,-0.9439736346516008,60,24.624565839767456,budget,,60
wine,RandomForest,PSO,0,-0.9495291902071564,60,23.231622219085693,budget,,60
wine,RandomForest,PSO,1,-0.9551789077212806,60,13.392858982086182,budget,,60
wine,RandomForest,PSO,2,-0.943879472693032,60,29.28658938407898,budget,,60
wine,RandomForest,HDGPSO,0,-0.955084745762712,60,34.401599168777466,budget,,60
wine,RandomForest,HDGPSO,1,-0.9495291902071564,60,23.29376554489136,budget,,60
wine,RandomForest,HDGPSO,2,-0.943879472693032,60,33.832900047302246,budget,,60
wine,RandomForest,HDGPSO-MF,0,-0.9495291902071564,117,22.717103004455566,budget,,60
wine,RandomForest,HDGPSO-MF,1,-0.960734463276836,117,24.80419611930847,budget,,60
wine,RandomForest,HDGPSO-MF,2,-0.943879472693032,117,20.875487089157104,budget,,60
wine,GradientBoosting,RandomSearch,0,-0.9440677966101696,60,104.14811158180235,budget,,60
wine,GradientBoosting,RandomSearch,1,-0.9497175141242938,60,82.82529163360596,budget,,60
wine,GradientBoosting,RandomSearch,2,-0.9552730696798494,60,89.40160632133484,budget,,60
wine,GradientBoosting,GridSearch,0,-0.955367231638418,32,32.18156886100769,budget,,60
wine,GradientBoosting,GridSearch,1,-0.9552730696798494,32,31.290961742401123,budget,,60
wine,GradientBoosting,GridSearch,2,-0.9551789077212806,32,31.699578762054443,budget,,60
wine,GradientBoosting,Bayes,0,-0.9608286252354048,60,85.07071924209595,budget,,60
wine,GradientBoosting,Bayes,1,-0.9664783427495292,60,88.6175627708435,budget,,60
wine,GradientBoosting,Bayes,2,-0.9608286252354048,60,89.46695375442505,budget,,60
wine,GradientBoosting,Optuna-TPE,0,-0.9608286252354048,60,114.0756289958954,budget,,60
wine,GradientBoosting,Optuna-TPE,1,-0.9552730696798494,60,106.8214943408966,budget,,60
wine,GradientBoosting,Optuna-TPE,2,-0.9609227871939736,60,89.81873106956482,budget,,60
wine,GradientBoosting,DE,0,-0.9552730696798494,60,79.56729245185852,budget,,60
wine,GradientBoosting,DE,1,-0.9608286252354048,60,82.45480012893677,budget,,60
wine,GradientBoosting,DE,2,-0.9552730696798494,60,91.84089136123656,budget,,60
wine,GradientBoosting,PSO,0,-0.9551789077212806,60,72.17192459106445,budget,,60
wine,GradientBoosting,PSO,1,-0.949623352165725,60,118.08210253715517,budget,,60
wine,GradientBoosting,PSO,2,-0.949623352165725,60,136.2700479030609,budget,,60
wine,GradientBoosting,HDGPSO,0,-0.971939736346516,60,133.49816608428955,budget,,60
wine,GradientBoosting,HDGPSO,1,-0.9609227871939736,60,57.39937686920166,budget,,60
wine,GradientBoosting,HDGPSO,2,-0.9608286252354048,60,79.43569135665894,budget,,60
wine,GradientBoosting,HDGPSO-MF,0,-0.960734463276836,117,62.833964109420776,budget,,60
wine,GradientBoosting,HDGPSO-MF,1,-0.955367231638418,117,66.34132647514343,budget,,60
wine,GradientBoosting,HDGPSO-MF,2,-0.9608286252354048,117,65.17597222328186,budget,,60
wine,MLP,RandomSearch,0,-1.0,60,3.056676387786865,budget,,60
wine,MLP,RandomSearch,1,-1.0,60,3.761632919311523,budget,,60
wine,MLP,RandomSearch,2,-1.0,60,3.8869030475616455,budget,,60
wine,MLP,GridSearch,0,-0.3333333432674408,48,3.323935508728028,budget,,60
wine,MLP,GridSearch,1,-0.2777777910232544,48,3.4020888805389404,budget,,60
wine,MLP,GridSearch,2,-0.5277777910232544,48,3.595909118652344,budget,,60
wine,MLP,Bayes,0,-1.0,60,30.442007303237915,budget,,60
wine,MLP,Bayes,1,-1.0,60,35.221609354019165,budget,,60
wine,MLP,Bayes,2,-1.0,60,32.087751388549805,budget,,60
wine,MLP,Optuna-TPE,0,-1.0,60,3.7332024574279785,budget,,60
wine,MLP,Optuna-TPE,1,-1.0,60,4.482200384140015,budget,,60
wine,MLP,Optuna-TPE,2,-1.0,60,3.070535898208618,budget,,60
wine,MLP,DE,0,-1.0,60,3.268728256225586,budget,,60
wine,MLP,DE,1,-1.0,60,3.993513345718384,budget,,60
wine,MLP,DE,2,-1.0,60,3.720123529434204,budget,,60
wine,MLP,PSO,0,-1.0,60,3.2807834148406982,budget,,60
wine,MLP,PSO,1,-1.0,60,4.573802471160889,budget,,60
wine,MLP,PSO,2,-1.0,60,4.430415630340576,budget,,60
wine,MLP,HDGPSO,0,-1.0,60,2.59588885307312,budget,,60
wine,MLP,HDGPSO,1,-1.0,60,5.637817621231079,budget,,60
wine,MLP,HDGPSO,2,-1.0,60,3.177971601486206,budget,,60
wine,MLP,HDGPSO-MF,0,-1.0,117,3.11604642868042,budget,,60
wine,MLP,HDGPSO-MF,1,-1.0,117,5.666385889053345,budget,,60
wine,MLP,HDGPSO-MF,2,-1.0,117,3.734309911727905,budget,,60
diabetes,RandomForest,RandomSearch,0,3118.005098134785,60,28.805378198623657,budget,,60
diabetes,RandomForest,RandomSearch,1,3097.4540926345235,60,24.844115734100345,budget,,60
diabetes,RandomForest,RandomSearch,2,3107.3877741874617,60,26.37084031105041,budget,,60
diabetes,RandomForest,GridSearch,0,3294.474800974503,4,0.21427583694458,budget,,60
diabetes,RandomForest,GridSearch,1,3358.468337365488,4,0.2137472629547119,budget,,60
diabetes,RandomForest,GridSearch,2,3329.7765836605963,4,0.2164521217346191,budget,,60
diabetes,RandomForest,Bayes,0,3081.3682154226594,60,49.40946435928345,budget,,60
diabetes,RandomForest,Bayes,1,3077.678735908372,60,38.8756685256958,budget,,60
diabetes,RandomForest,Bayes,2,3088.315247909457,60,51.9209680557251,budget,,60
diabetes,RandomForest,Optuna-TPE,0,3072.9028536737083,60,22.402918338775635,budget,,60
diabetes,RandomForest,Optuna-TPE,1,3073.858944253,60,18.159326791763306,budget,,60
diabetes,RandomForest,Optuna-TPE,2,3097.8584267395654,60,32.144689321517944,budget,,60
diabetes,RandomForest,DE,0,3076.9820697451773,60,32.196542263031006,budget,,60
diabetes,RandomForest,DE,1,3081.7030024253822,60,23.836212158203125,budget,,60
diabetes,RandomForest,DE,2,3103.530144007463,60,24.38299059867859,budget,,60
diabetes,RandomForest,PSO,0,3077.504805959896,60,26.969909191131592,budget,,60
diabetes,RandomForest,PSO,1,3074.296582387511,60,12.999388456344604,budget,,60
diabetes,RandomForest,PSO,2,3094.9567827838546,60,34.30813503265381,budget,,60
diabetes,RandomForest,HDGPSO,0,3076.53663114473,60,22.896671295166016,budget,,60
diabetes,RandomForest,HDGPSO,1,3084.725523510646,60,32.744136810302734,budget,,60
diabetes,RandomForest,HDGPSO,2,3091.214315126603,60,25.777482748031616,budget,,60
diabetes,RandomForest,HDGPSO-MF,0,3114.291151661752,117,15.411716222763062,budget,,60
diabetes,RandomForest,HDGPSO-MF,1,3109.586953905782,117,26.58826494216919,budget,,60
diabetes,RandomForest,HDGPSO-MF,2,3097.719199935749,117,27.0392382144928,budget,,60
diabetes,GradientBoosting,RandomSearch,0,3224.220508413259,60,31.985604524612427,budget,,60
diabetes,GradientBoosting,RandomSearch,1,3173.362235954743,60,25.67528915405273,budget,,60
diabetes,GradientBoosting,RandomSearch,2,3142.617631372111,60,28.05384635925293,budget,,60
diabetes,GradientBoosting,GridSearch,0,3235.4924171677667,32,13.085741758346558,budget,,60
diabetes,GradientBoosting,GridSearch,1,3233.7122928550293,32,12.028218984603882,budget,,60
diabetes,GradientBoosting,GridSearch,2,3235.688810160535,32,13.119187593460085,budget,,60
diabetes,GradientBoosting,Bayes,0,3192.9881293297167,60,54.687878131866455,budget,,60
diabetes,GradientBoosting,Bayes,1,3090.6452748571405,60,49.15167999267578,budget,,60
diabetes,GradientBoosting,Bayes,2,3045.9083318921253,60,33.45652937889099,budget,,60
diabetes,GradientBoosting,Optuna-TPE,0,3141.885578397705,60,23.78748607635498,budget,,60
diabetes,GradientBoosting,Optuna-TPE,1,3109.5237929274203,60,18.10506749153137,budget,,60
diabetes,GradientBoosting,Optuna-TPE,2,3075.243812134711,60,15.824469089508057,budget,,60
diabetes,GradientBoosting,DE,0,3261.275883884091,60,29.797704219818115,budget,,60
diabetes,GradientBoosting,DE,1,3217.4518556172984,60,26.538113832473755,budget,,60
diabetes,GradientBoosting,DE,2,3194.28098428408,60,28.95169734954834,budget,,60
diabetes,GradientBoosting,PSO,0,3184.8502046441567,60,20.63285517692566,budget,,60
diabetes,GradientBoosting,PSO,1,3211.0623138966025,60,25.289618015289307,budget,,60
diabetes,GradientBoosting,PSO,2,3125.184492793496,60,26.005430936813354,budget,,60
diabetes,GradientBoosting,HDGPSO,0,3105.5616311009053,60,30.51292133331299,budget,,60
diabetes,GradientBoosting,HDGPSO,1,3065.691659990463,60,12.3892502784729,budget,,60
diabetes,GradientBoosting,HDGPSO,2,3055.9285951128336,60,25.94282102584839,budget,,60
diabetes,GradientBoosting,HDGPSO-MF,0,3097.450288387577,117,25.370620727539062,budget,,60
diabetes,GradientBoosting,HDGPSO-MF,1,3102.9727407033274,117,20.430996656417847,budget,,60
diabetes,GradientBoosting,HDGPSO-MF,2,3178.228110389646,117,21.70497488975525,budget,,60
pinn_heat,PINN-Heat,RandomSearch,0,4.805894604942296e-06,60,219.51599407196045,budget,,60
pinn_heat,PINN-Heat,RandomSearch,1,1.1056549737986645e-06,60,227.26023888587952,budget,,60
pinn_heat,PINN-Heat,RandomSearch,2,1.931392034748569e-06,60,256.9556815624237,budget,,60
pinn_heat,PINN-Heat,GridSearch,0,0.1327334195375442,27,19.87022876739502,budget,,60
pinn_heat,PINN-Heat,GridSearch,1,0.3432067930698395,27,20.44164991378784,budget,,60
pinn_heat,PINN-Heat,GridSearch,2,0.0838302820920944,27,22.334234714508057,budget,,60
pinn_heat,PINN-Heat,Bayes,0,2.4979879071906907e-06,60,289.8213732242584,budget,,60
pinn_heat,PINN-Heat,Bayes,1,2.129700988007244e-06,60,343.9458227157593,budget,,60
pinn_heat,PINN-Heat,Bayes,2,2.8456554446165683e-06,60,262.8690700531006,budget,,60
pinn_heat,PINN-Heat,Optuna-TPE,0,2.757658705832e-07,60,354.1634039878845,budget,,60
pinn_heat,PINN-Heat,Optuna-TPE,1,3.5135590792378935e-07,60,276.73107862472534,budget,,60
pinn_heat,PINN-Heat,Optuna-TPE,2,2.612016771763592e-07,60,328.9443607330322,budget,,60
pinn_heat,PINN-Heat,DE,0,8.806952109807753e-07,60,285.54769110679626,budget,,60
pinn_heat,PINN-Heat,DE,1,8.175687185030256e-07,60,273.1731276512146,budget,,60
pinn_heat,PINN-Heat,DE,2,4.669035661208909e-06,60,254.37226724624637,budget,,60
pinn_heat,PINN-Heat,PSO,0,1.270026785959999e-07,60,406.3719837665558,budget,,60
pinn_heat,PINN-Heat,PSO,1,9.078791549654852e-07,60,138.46662759780884,budget,,60
pinn_heat,PINN-Heat,PSO,2,1.3851638414053016e-07,60,207.4197838306427,budget,,60
pinn_heat,PINN-Heat,HDGPSO,0,5.25552241015248e-06,60,226.35799193382263,budget,,60
pinn_heat,PINN-Heat,HDGPSO,1,3.8775169741711586e-08,60,294.5720133781433,budget,,60
pinn_heat,PINN-Heat,HDGPSO,2,2.92677157176513e-07,60,290.2956457138061,budget,,60
pinn_heat,PINN-Heat,HDGPSO-MF,0,3.573155709091225e-07,117,324.865177154541,budget,,60
pinn_heat,PINN-Heat,HDGPSO-MF,1,6.400434244824282e-07,117,230.4169497489929,budget,,60
pinn_heat,PINN-Heat,HDGPSO-MF,2,6.990563861108967e-07,117,349.6916182041168,budget,,60
breast_cancer,RandomForest,RandomSearch,0,-0.9578297595841456,100,89.1730089187622,budget,,100
breast_cancer,RandomForest,RandomSearch,1,-0.9560753736192332,100,70.33236885070801,budget,,100
breast_cancer,RandomForest,RandomSearch,2,-0.9595934280144808,100,77.41342043876648,budget,,100
breast_cancer,RandomForest,GridSearch,0,-0.9718926946997124,64,44.29564166069031,budget,,100
breast_cancer,RandomForest,GridSearch,1,-0.9595934280144808,64,50.03323197364807,budget,,100
breast_cancer,RandomForest,GridSearch,2,-0.9595934280144808,64,48.051467418670654,budget,,100
breast_cancer,RandomForest,Bayes,0,-0.9718926946997124,100,130.3751609325409,budget,,100
breast_cancer,RandomForest,Bayes,1,-0.9613478139793932,100,129.02992916107178,budget,,100
breast_cancer,RandomForest,Bayes,2,-0.9613292490485472,100,109.76472425460815,budget,,100
breast_cancer,RandomForest,Optuna-TPE,0,-0.9578297595841456,100,88.06226134300232,budget,,100
breast_cancer,RandomForest,Optuna-TPE,1,-0.9595934280144808,100,93.38816237449646,budget,,100
breast_cancer,RandomForest,Optuna-TPE,2,-0.9631021999443052,100,52.81929063796997,budget,,100
breast_cancer,RandomForest,DE,0,-0.9578297595841456,100,84.80240654945374,budget,,100
breast_cancer,RandomForest,DE,1,-0.9595841455490578,100,64.55269360542297,budget,,100
breast_cancer,RandomForest,DE,2,-0.9630929174788824,100,64.86277508735657,budget,,100
breast_cancer,RandomForest,PSO,0,-0.956084656084656,100,45.331597089767456,budget,,100
breast_cancer,RandomForest,PSO,1,-0.9560660911538104,100,46.96279168128967,budget,,100
breast_cancer,RandomForest,PSO,2,-0.9578390420495684,100,66.53175926208496,budget,,100
breast_cancer,RandomForest,HDGPSO,0,-0.9718926946997124,100,26.80695414543152,budget,,100
breast_cancer,RandomForest,HDGPSO,1,-0.9595841455490578,100,61.05275893211365,budget,,100
breast_cancer,RandomForest,HDGPSO,2,-0.9648658683746404,100,76.61632323265076,budget,,100
breast_cancer,GradientBoosting,RandomSearch,0,-0.975392184164114,100,283.7717435359955,budget,,100
breast_cancer,GradientBoosting,RandomSearch,1,-0.975392184164114,100,209.83806252479556,budget,,100
breast_cancer,GradientBoosting,RandomSearch,2,-0.973628515733779,100,235.87977385520932,budget,,100
breast_cancer,GradientBoosting,GridSearch,0,-0.9736377981992016,32,45.40496230125427,budget,,100
breast_cancer,GradientBoosting,GridSearch,1,-0.9736470806646246,32,45.96916842460632,budget,,100
breast_cancer,GradientBoosting,GridSearch,2,-0.9736377981992016,32,45.97963547706604,budget,,100
breast_cancer,GradientBoosting,Bayes,0,-0.9771465701290262,100,190.2210955619812,budget,,100
breast_cancer,GradientBoosting,Bayes,1,-0.9806831894551192,100,218.14758849143985,budget,,100
breast_cancer,GradientBoosting,Bayes,2,-0.9754014666295368,100,196.1302354335785,budget,,100
breast_cancer,GradientBoosting,Optuna-TPE,0,-0.9789102385593614,100,198.87781405448916,budget,,100
breast_cancer,GradientBoosting,Optuna-TPE,1,-0.977155852594449,100,156.70383310317993,budget,,100
breast_cancer,GradientBoosting,Optuna-TPE,2,-0.977165135059872,100,237.033406496048,budget,,100
breast_cancer,GradientBoosting,DE,0,-0.9736377981992016,100,249.9011781215668,budget,,100
breast_cancer,GradientBoosting,DE,1,-0.9718834122342894,100,223.77867484092712,budget,,100
breast_cancer,GradientBoosting,DE,2,-0.9754014666295368,100,161.40014696121216,budget,,100
breast_cancer,GradientBoosting,PSO,0,-0.9718834122342894,100,149.75304794311523,budget,,100
breast_cancer,GradientBoosting,PSO,1,-0.9736470806646246,100,174.86055254936218,budget,,100
breast_cancer,GradientBoosting,PSO,2,-0.9701383087348,100,209.0244007110596,budget,,100
breast_cancer,GradientBoosting,HDGPSO,0,-0.9789102385593612,100,257.15595293045044,budget,,100
breast_cancer,GradientBoosting,HDGPSO,1,-0.9789288034902072,100,152.47340869903564,budget,,100
breast_cancer,GradientBoosting,HDGPSO,2,-0.9754014666295368,100,156.0050003528595,budget,,100
breast_cancer,MLP,RandomSearch,0,-0.9824561476707458,100,16.581420183181763,budget,,100
breast_cancer,MLP,RandomSearch,1,-0.9912281036376952,100,16.214097261428833,budget,,100
breast_cancer,MLP,RandomSearch,2,-0.9912281036376952,100,17.288721323013306,budget,,100
breast_cancer,MLP,GridSearch,0,-0.4824561476707458,48,10.74855136871338,budget,,100
breast_cancer,MLP,GridSearch,1,-0.5964912176132202,48,11.172464609146118,budget,,100
breast_cancer,MLP,GridSearch,2,-0.9298245906829834,48,11.24907898902893,budget,,100
breast_cancer,MLP,Bayes,0,-0.9824561476707458,100,120.0053038597107,budget,,100
breast_cancer,MLP,Bayes,1,-0.9912281036376952,100,108.4363296031952,budget,,100
breast_cancer,MLP,Bayes,2,-0.9912281036376952,100,115.39302110671996,budget,,100
breast_cancer,MLP,Optuna-TPE,0,-0.9824561476707458,100,17.743671655654907,budget,,100
breast_cancer,MLP,Optuna-TPE,1,-1.0,100,20.572436809539795,budget,,100
breast_cancer,MLP,Optuna-TPE,2,-0.9912281036376952,100,12.4472815990448,budget,,100
breast_cancer,MLP,DE,0,-0.9824561476707458,100,19.37307977676392,budget,,100
breast_cancer,MLP,DE,1,-0.9912281036376952,100,18.540852308273315,budget,,100
breast_cancer,MLP,DE,2,-0.9912281036376952,100,13.9759840965271,budget,,100
breast_cancer,MLP,PSO,0,-0.9824561476707458,100,16.826695203781128,budget,,100
breast_cancer,MLP,PSO,1,-0.9912281036376952,100,17.044179439544678,budget,,100
breast_cancer,MLP,PSO,2,-0.9912281036376952,100,21.37784242630005,budget,,100
breast_cancer,MLP,HDGPSO,0,-0.9824561476707458,100,9.51507806777954,budget,,100
breast_cancer,MLP,HDGPSO,1,-0.9912281036376952,100,19.62131905555725,budget,,100
breast_cancer,MLP,HDGPSO,2,-0.9912281036376952,100,15.966347694396973,budget,,100
wine,RandomForest,RandomSearch,0,-0.9495291902071564,100,47.8351035118103,budget,,100
wine,RandomForest,RandomSearch,1,-0.9551789077212806,100,42.45581388473511,budget,,100
wine,RandomForest,RandomSearch,2,-0.943879472693032,100,42.76628613471985,budget,,100
wine,RandomForest,GridSearch,0,-0.9494350282485876,64,26.59330129623413,budget,,100
wine,RandomForest,GridSearch,1,-0.960734463276836,64,26.23019480705261,budget,,100
wine,RandomForest,GridSearch,2,-0.943879472693032,64,29.43873786926269,budget,,100
wine,RandomForest,Bayes,0,-0.955084745762712,100,87.95975112915039,budget,,100
wine,RandomForest,Bayes,1,-0.960734463276836,100,83.308438539505,budget,,100
wine,RandomForest,Bayes,2,-0.955084745762712,100,83.74486446380615,budget,,100
wine,RandomForest,Optuna-TPE,0,-0.955084745762712,100,45.51794695854187,budget,,100
wine,RandomForest,Optuna-TPE,1,-0.960734463276836,100,59.57687449455261,budget,,100
wine,RandomForest,Optuna-TPE,2,-0.949623352165725,100,21.366265058517456,budget,,100
wine,RandomForest,DE,0,-0.9495291902071564,100,45.49559092521668,budget,,100
wine,RandomForest,DE,1,-0.9608286252354048,100,34.39382266998291,budget,,100
wine,RandomForest,DE,2,-0.9439736346516008,100,35.41029620170593,budget,,100
wine,RandomForest,PSO,0,-0.9495291902071564,100,36.4424262046814,budget,,100
wine,RandomForest,PSO,1,-0.9608286252354048,100,21.036802530288696,budget,,100
wine,RandomForest,PSO,2,-0.9495291902071564,100,38.65079474449158,budget,,100
wine,RandomForest,HDGPSO,0,-0.9494350282485876,100,64.1903600692749,budget,,100
wine,RandomForest,HDGPSO,1,-0.9495291902071564,100,35.044339656829834,budget,,100
wine,RandomForest,HDGPSO,2,-0.9495291902071564,100,33.6946017742157,budget,,100
wine,GradientBoosting,RandomSearch,0,-0.9440677966101696,100,162.56608986854553,budget,,100
wine,GradientBoosting,RandomSearch,1,-0.9497175141242938,100,131.20519852638245,budget,,100
wine,GradientBoosting,RandomSearch,2,-0.9552730696798494,100,147.55859422683716,budget,,100
wine,GradientBoosting,GridSearch,0,-0.955367231638418,32,33.68704080581665,budget,,100
wine,GradientBoosting,GridSearch,1,-0.9552730696798494,32,32.31781983375549,budget,,100
wine,GradientBoosting,GridSearch,2,-0.9551789077212806,32,31.77721619606018,budget,,100
wine,GradientBoosting,Bayes,0,-0.9609227871939736,100,166.32107830047607,budget,,100
wine,GradientBoosting,Bayes,1,-0.9664783427495292,100,172.52815747261047,budget,,100
wine,GradientBoosting,Bayes,2,-0.9609227871939736,100,153.94878387451172,budget,,100
wine,GradientBoosting,Optuna-TPE,0,-0.9609227871939736,100,200.20229935646057,budget,,100
wine,GradientBoosting,Optuna-TPE,1,-0.9609227871939736,100,147.27074933052063,budget,,100
wine,GradientBoosting,Optuna-TPE,2,-0.9664783427495292,100,146.91432404518127,budget,,100
wine,GradientBoosting,DE,0,-0.9664783427495292,100,148.46397948265076,budget,,100
wine,GradientBoosting,DE,1,-0.9608286252354048,100,123.78450679779051,budget,,100
wine,GradientBoosting,DE,2,-0.9552730696798494,100,136.60570693016052,budget,,100
wine,GradientBoosting,PSO,0,-0.9608286252354048,100,124.92825412750244,budget,,100
wine,GradientBoosting,PSO,1,-0.949623352165725,100,153.4248034954071,budget,,100
wine,GradientBoosting,PSO,2,-0.949623352165725,100,157.252366065979,budget,,100
wine,GradientBoosting,HDGPSO,0,-0.9664783427495292,100,117.10217595100404,budget,,100
wine,GradientBoosting,HDGPSO,1,-0.9608286252354048,100,108.96361446380617,budget,,100
wine,GradientBoosting,HDGPSO,2,-0.9609227871939736,100,127.68764519691469,budget,,100
wine,MLP,RandomSearch,0,-1.0,100,5.278703212738037,budget,,100
wine,MLP,RandomSearch,1,-1.0,100,6.126441955566406,budget,,100
wine,MLP,RandomSearch,2,-1.0,100,6.501176118850708,budget,,100
wine,MLP,GridSearch,0,-0.3333333432674408,48,3.600619316101074,budget,,100
wine,MLP,GridSearch,1,-0.2777777910232544,48,3.6670241355896,budget,,100
wine,MLP,GridSearch,2,-0.5277777910232544,48,3.4701297283172607,budget,,100
wine,MLP,Bayes,0,-1.0,100,84.06016683578491,budget,,100
wine,MLP,Bayes,1,-1.0,100,90.76416802406312,budget,,100
wine,MLP,Bayes,2,-1.0,100,103.88866138458252,budget,,100
wine,MLP,Optuna-TPE,0,-1.0,100,6.755946397781372,budget,,100
wine,MLP,Optuna-TPE,1,-1.0,100,7.758992671966553,budget,,100
wine,MLP,Optuna-TPE,2,-1.0,100,5.915246963500977,budget,,100
wine,MLP,DE,0,-1.0,100,5.458608627319336,budget,,100
wine,MLP,DE,1,-1.0,100,7.084324598312378,budget,,100
wine,MLP,DE,2,-1.0,100,5.6225550174713135,budget,,100
wine,MLP,PSO,0,-1.0,100,5.676183700561523,budget,,100
wine,MLP,PSO,1,-1.0,100,7.167545795440674,budget,,100
wine,MLP,PSO,2,-1.0,100,7.894841194152832,budget,,100
wine,MLP,HDGPSO,0,-1.0,100,3.231527090072632,budget,,100
wine,MLP,HDGPSO,1,-1.0,100,9.628196477890016,budget,,100
wine,MLP,HDGPSO,2,-1.0,100,6.5761559009552,budget,,100
diabetes,RandomForest,RandomSearch,0,3081.724449313178,100,46.94244456291199,budget,,100
diabetes,RandomForest,RandomSearch,1,3096.7717551966866,100,41.744386434555054,budget,,100
diabetes,RandomForest,RandomSearch,2,3107.3877741874617,100,43.97408366203308,budget,,100
diabetes,RandomForest,GridSearch,0,3166.6025907729763,64,27.31281161308289,budget,,100
diabetes,RandomForest,GridSearch,1,3173.7309209492523,64,27.63563680648804,budget,,100
diabetes,RandomForest,GridSearch,2,3165.40371463836,64,27.95234560966492,budget,,100
diabetes,RandomForest,Bayes,0,3081.3682154226594,100,105.1239411830902,budget,,100
diabetes,RandomForest,Bayes,1,3077.678735908372,100,97.19071817398073,budget,,100
diabetes,RandomForest,Bayes,2,3088.315247909457,100,95.56729245185852,budget,,100
diabetes,RandomForest,Optuna-TPE,0,3072.9028536737083,100,29.800588130950928,budget,,100
diabetes,RandomForest,Optuna-TPE,1,3073.858944253,100,26.50424575805664,budget,,100
diabetes,RandomForest,Optuna-TPE,2,3091.337624179246,100,56.42197489738464,budget,,100
diabetes,RandomForest,DE,0,3076.9820697451773,100,39.96471405029297,budget,,100
diabetes,RandomForest,DE,1,3081.7030024253822,100,39.78604149818421,budget,,100
diabetes,RandomForest,DE,2,3096.780463617506,100,47.66693472862244,budget,,100
diabetes,RandomForest,PSO,0,3073.944417140768,100,41.24778008460999,budget,,100
diabetes,RandomForest,PSO,1,3073.7516995304127,100,21.75701785087585,budget,,100
diabetes,RandomForest,PSO,2,3090.3833944033254,100,60.128604888916016,budget,,100
diabetes,RandomForest,HDGPSO,0,3074.760842085851,100,32.248384952545166,budget,,100
diabetes,RandomForest,HDGPSO,1,3092.667016324258,100,59.18180322647095,budget,,100
diabetes,RandomForest,HDGPSO,2,3090.9083217760235,100,63.407482385635376,budget,,100
diabetes,GradientBoosting,RandomSearch,0,3167.2820911376784,100,56.72185039520264,budget,,100
diabetes,GradientBoosting,RandomSearch,1,3173.362235954743,100,46.85732793807984,budget,,100
diabetes,GradientBoosting,RandomSearch,2,3123.695195905505,100,50.08933997154236,budget,,100
diabetes,GradientBoosting,GridSearch,0,3235.4924171677667,32,13.509621143341064,budget,,100
diabetes,GradientBoosting,GridSearch,1,3233.7122928550293,32,13.395980596542358,budget,,100
diabetes,GradientBoosting,GridSearch,2,3235.688810160535,32,13.325771808624268,budget,,100
diabetes,GradientBoosting,Bayes,0,3120.163642704414,100,97.90648698806764,budget,,100
diabetes,GradientBoosting,Bayes,1,3078.1897173747625,100,94.89333438873292,budget,,100
diabetes,GradientBoosting,Bayes,2,3045.8211383272123,100,72.77359199523926,budget,,100
diabetes,GradientBoosting,Optuna-TPE,0,3114.91463474331,100,40.37909913063049,budget,,100
diabetes,GradientBoosting,Optuna-TPE,1,3109.5237929274203,100,28.997982501983643,budget,,100
diabetes,GradientBoosting,Optuna-TPE,2,3075.243812134711,100,23.911327362060547,budget,,100
diabetes,GradientBoosting,DE,0,3139.705929925713,100,53.642895221710205,budget,,100
diabetes,GradientBoosting,DE,1,3167.5961843918194,100,44.29473614692688,budget,,100
diabetes,GradientBoosting,DE,2,3127.2453333224967,100,55.75601100921631,budget,,100
diabetes,GradientBoosting,PSO,0,3130.128275945355,100,45.632370710372925,budget,,100
diabetes,GradientBoosting,PSO,1,3204.215612750256,100,42.29404830932617,budget,,100
diabetes,GradientBoosting,PSO,2,3124.7992364481784,100,48.065478801727295,budget,,100
diabetes,GradientBoosting,HDGPSO,0,3129.219504277525,100,47.02325916290283,budget,,100
diabetes,GradientBoosting,HDGPSO,1,3113.2899907670376,100,16.5001380443573,budget,,100
diabetes,GradientBoosting,HDGPSO,2,3056.643511187014,100,32.71969556808472,budget,,100
pinn_heat,PINN-Heat,RandomSearch,0,3.758974344236776e-06,100,431.79969668388367,budget,,100
pinn_heat,PINN-Heat,RandomSearch,1,1.1056549737986645e-06,100,434.6859946250916,budget,,100
pinn_heat,PINN-Heat,RandomSearch,2,1.931392034748569e-06,100,436.3315341472626,budget,,100
pinn_heat,PINN-Heat,GridSearch,0,0.1327334195375442,27,25.148939847946167,budget,,100
pinn_heat,PINN-Heat,GridSearch,1,0.3432067930698395,27,23.781869411468502,budget,,100
pinn_heat,PINN-Heat,GridSearch,2,0.0838302820920944,27,24.00376057624817,budget,,100
pinn_heat,PINN-Heat,Bayes,0,6.001560564072861e-07,100,596.4051508903503,budget,,100
pinn_heat,PINN-Heat,Bayes,1,1.8142041824376065e-07,100,595.1006007194519,budget,,100
pinn_heat,PINN-Heat,Bayes,2,4.110118879907532e-06,100,500.1696863174439,budget,,100
pinn_heat,PINN-Heat,Optuna-TPE,0,1.8283122926732179e-07,100,584.7158999443054,budget,,100
pinn_heat,PINN-Heat,Optuna-TPE,1,3.0198361855582334e-07,100,424.6760213375092,budget,,100
pinn_heat,PINN-Heat,Optuna-TPE,2,9.673311751612347e-08,100,610.8546199798584,budget,,100
pinn_heat,PINN-Heat,DE,0,8.806952109807753e-07,100,477.7579188346863,budget,,100
pinn_heat,PINN-Heat,DE,1,3.648519282251073e-07,100,456.4892387390137,budget,,100
pinn_heat,PINN-Heat,DE,2,1.7376974028593397e-06,100,470.73471426963806,budget,,100
pinn_heat,PINN-Heat,PSO,0,1.270026785959999e-07,100,702.2653920650482,budget,,100
pinn_heat,PINN-Heat,PSO,1,1.1089699825106437e-07,100,332.63931703567505,budget,,100
pinn_heat,PINN-Heat,PSO,2,8.433897136228553e-08,100,375.1003067493439,budget,,100
pinn_heat,PINN-Heat,HDGPSO,0,2.221766663978997e-07,100,684.3002979755402,budget,,100
pinn_heat,PINN-Heat,HDGPSO,1,5.905768034608627e-07,100,375.0671994686127,budget,,100
pinn_heat,PINN-Heat,HDGPSO,2,3.6098242617299554e-08,100,555.1080474853516,budget,,100
breast_cancer,RandomForest,HDGPSO-MF,0,-0.9613570964448157,196,67.01303482055664,budget,,100
breast_cancer,RandomForest,HDGPSO-MF,1,-0.9631021999443052,196,39.495737075805664,budget,,100
breast_cancer,RandomForest,HDGPSO-MF,2,-0.9560753736192332,196,78.12317538261414,budget,,100
breast_cancer,GradientBoosting,HDGPSO-MF,0,-0.9771744175252947,196,169.0227358341217,budget,,100
breast_cancer,GradientBoosting,HDGPSO-MF,1,-0.9771465701290262,196,115.25858998298645,budget,,100
breast_cancer,GradientBoosting,HDGPSO-MF,2,-0.9736470806646246,196,155.14799809455872,budget,,100
breast_cancer,MLP,HDGPSO-MF,0,-0.9824561476707458,196,34.66837406158447,budget,,100
breast_cancer,MLP,HDGPSO-MF,1,-0.9912281036376953,196,25.27635145187378,budget,,100
breast_cancer,MLP,HDGPSO-MF,2,-0.9912281036376953,196,20.237884521484375,budget,,100
wine,RandomForest,HDGPSO-MF,0,-0.9550847457627119,196,38.524171352386475,budget,,100
wine,RandomForest,HDGPSO-MF,1,-0.9607344632768361,196,41.57119345664978,budget,,100
wine,RandomForest,HDGPSO-MF,2,-0.949623352165725,196,30.306986570358276,budget,,100
wine,GradientBoosting,HDGPSO-MF,0,-0.9719397363465161,196,80.60151958465576,budget,,100
wine,GradientBoosting,HDGPSO-MF,1,-0.9664783427495292,196,90.27836799621582,budget,,100
wine,GradientBoosting,HDGPSO-MF,2,-0.9552730696798494,196,143.3951518535614,budget,,100
wine,MLP,HDGPSO-MF,0,-1.0,196,5.531768321990967,budget,,100
wine,MLP,HDGPSO-MF,1,-1.0,196,9.03600025177002,budget,,100
wine,MLP,HDGPSO-MF,2,-1.0,196,6.903095245361328,budget,,100
diabetes,RandomForest,HDGPSO-MF,0,3111.3299691030443,196,28.333265781402588,budget,,100
diabetes,RandomForest,HDGPSO-MF,1,3096.0134695027377,196,41.39579463005066,budget,,100
diabetes,RandomForest,HDGPSO-MF,2,3092.0856430165363,196,44.09062600135803,budget,,100
diabetes,GradientBoosting,HDGPSO-MF,0,3090.1256787810994,196,30.271503448486328,budget,,100
diabetes,GradientBoosting,HDGPSO-MF,1,3095.8118879698836,196,36.592578411102295,budget,,100
diabetes,GradientBoosting,HDGPSO-MF,2,3083.003267489735,196,39.90489077568054,budget,,100
pinn_heat,PINN-Heat,HDGPSO-MF,0,3.897133069585834e-07,196,605.2610964775085,budget,,100
pinn_heat,PINN-Heat,HDGPSO-MF,1,1.8342015550842916e-07,196,506.84196972846985,budget,,100
pinn_heat,PINN-Heat,HDGPSO-MF,2,2.6195553459729126e-07,196,514.5597722530365,budget,,100
